parameter,location_id,location_name,country,sensor_id,expected_interval,interval_label,datetime_first_local,reaches_jan_2000
pm25,7335,五台山医院,CN,21196,01:00:00,hourly,2018-10-17T20:00:00+08:00,False
pm25,1471,WAVELAND,US,23096,01:00:00,hourly,2018-01-10T11:00:00-06:00,False
pm25,947320,Wilmington Pk ES (7781),US,2000707,00:30:00,hourly,2022-03-03T11:00:00-08:00,False
pm25,301388,"Sardar Patel Inter College, Baghpat - UPPCB",IN,12237035,01:00:00,hourly,2025-02-19T01:45:00+05:30,False
pm25,8896,Visalia - N. Church,US,25954,01:00:00,hourly,2019-04-19T09:00:00-07:00,False
pm25,6950,"Jadavpur, Kolkata - WBPCB",IN,19997,01:00:00,hourly,2019-06-19T04:30:00+05:30,False
pm25,6175359,"Talǵar, Gagarin atyndaǵy №8 mektep",KZ,14969349,01:00:00,hourly,2025-12-23T18:00:00+05:00,False
pm25,5601,"Lajpat Nagar, Moradabad - UPPCB",IN,15207,01:00:00,hourly,2018-03-09T11:00:00+05:30,False
pm25,6317668,Makpetrol - Valandovo exit,MK,16026707,00:18:00,hourly,2026-04-22T19:04:13+02:00,False
pm25,3063951,Siavonga Harbour 2,ZM,10619511,01:00:00,hourly,2024-09-15T11:00:00+02:00,False
pm25,1860,Spokane-N Monroe St,US,3282,01:00:00,hourly,2016-03-06T12:00:00-08:00,False
pm25,1746,Steubenville,US,5077783,01:00:00,hourly,2022-10-04T14:00:00-04:00,False
pm25,6003,Cle Elum Mobile,US,16264,01:00:00,hourly,2017-08-31T03:00:00-07:00,False
pm25,225526,City Hall - Durban-NAQI,ZA,1303909,01:00:00,hourly,2021-04-29T19:00:00+02:00,False
pm25,231786,Willow Creek,US,1334168,01:00:00,hourly,2021-08-11T14:00:00-07:00,False
pm25,5524245,McClymonds HS,US,13929758,00:18:00,hourly,2025-08-22T10:04:23-07:00,False
pm25,6387767,Brindisi - Casale,IT,16505614,01:00:00,hourly,2026-06-01T10:00:00+02:00,False
pm25,1560,Tallahassee Communit,US,25914,01:00:00,hourly,2017-02-17T13:00:00-05:00,False
pm25,6217058,"Research Institute for Health Sciences (RIHES),. Chiang Mai University",TH,15277170,01:00:00,hourly,2026-01-27T12:00:00+07:00,False
pm25,43337,油田生活基地,CN,236361,01:00:00,hourly,2021-01-01T01:00:00+08:00,False
pm25,6172496,SJVAir-af04,US,14947720,01:00:00,hourly,2025-12-20T17:00:00-08:00,False
pm25,3039820,多治見市上野町５丁目６８番地１,JP,10438870,01:00:00,hourly,2024-08-30T18:00:00+09:00,False
pm25,225596,"Sathon District Office, Bangkok",TH,1304091,24:00:00,daily,2021-04-30T02:00:00+07:00,False
pm25,3404202,Loretto Ozone,US,12196539,00:18:00,hourly,2025-02-14T16:10:56-06:00,False
pm25,6312234,Discovery Bay,HK,15985439,01:00:00,hourly,2026-04-18T18:00:00+08:00,False
pm25,1011359,OLD Tenderloin Housing Clinic,US,1560133,00:40:00,hourly,2021-10-20T07:54:06-07:00,False
pm25,412,"Peenya, Bengaluru - KSPCB",IN,13852,00:15:00,hourly,2017-02-19T02:45:00+05:30,False
pm25,9758,NET.IE001,IE,30457,01:00:00,hourly,2019-01-16T15:00:00Z,False
pm25,3069531,NASA GSFC Rutgers Calib. N10,KR,10661338,00:18:00,hourly,2024-09-19T10:34:57+09:00,False
pm25,2162358,XOVE,ES,8622637,01:00:00,hourly,2024-03-18T08:00:00+01:00,False
pm25,1009028,A2YG9P7N,US,2001168,,unknown,,False
pm25,9595,Payerne,CH,29548,01:00:00,hourly,2017-10-25T01:00:00+02:00,False
pm25,223784,Kew Road,GB,1296237,01:00:00,hourly,2019-02-14T14:00:00Z,False
pm25,2162107,Enzenkirchen im Sauwald,AT,7773988,01:00:00,hourly,2024-01-29T00:00:00+01:00,False
pm25,6946,"Belur Math, Howrah - WBPCB",IN,20038,01:00:00,hourly,2019-06-19T04:30:00+05:30,False
pm25,5927,MMFRA1001,US,16066,01:00:00,hourly,2018-08-16T19:00:00-07:00,False
pm25,2623646,금암로(신장동),KR,8536507,01:00:00,hourly,2024-03-20T08:00:00+09:00,False
pm25,6312,职工医院,CN,17553,01:00:00,hourly,2018-10-17T20:00:00+08:00,False
pm25,2493596,NET-FR061A,FR,7944833,01:00:00,hourly,2024-02-28T14:00:00+01:00,False
pm25,2162566,42R823 - BEVEREN,BE,7773238,01:00:00,hourly,2024-01-29T00:00:00+01:00,False
pm25,6395580,ASO-d83bda1c4dc8,CL,16563325,01:00:00,hourly,2026-06-09T11:00:00-04:00,False
pm25,921046,4B Bulgaria Blvrd,BG,5078036,01:00:00,hourly,2023-05-11T00:58:00+03:00,False
pm25,2531,Komunikacyjna,PL,5011,01:00:00,hourly,2016-01-30T02:00:00+01:00,False
pm25,3524553,Thateng -Sekong,LA,12331778,01:00:00,hourly,2025-02-28T11:00:00+07:00,False
pm25,6135780,Mexico City,MX,14673703,01:00:00,hourly,2025-11-18T22:00:00-06:00,False
pm25,7948,Entrecampos,PT,5078541,01:00:00,hourly,2023-05-06T01:00:00+01:00,False
pm25,2623561,성동면,KR,8536991,01:00:00,hourly,2024-03-20T08:00:00+09:00,False
pm25,4921,44R702 - Gent (G.Carlierlaan),BE,12546,01:00:00,hourly,2016-11-22T16:00:00+01:00,False
pm25,6197944,"7-мкрн, д. 5/1",KG,15138129,00:18:00,hourly,2026-01-12T11:08:03+06:00,False
pm25,1215115,岡山市中区長岡５８－２,JP,6518500,01:00:00,hourly,2023-07-15T02:00:00+09:00,False
pm25,2622573,사곡면,KR,8535845,01:00:00,hourly,2024-03-20T08:00:00+09:00,False
pm25,6262845,Valley of the Sun,US,15615681,01:00:00,hourly,2026-03-06T15:00:00-07:00,False
pm25,26099,ACHD North Braddock,US,41264,00:15:00,hourly,2019-03-30T23:00:00-04:00,False
pm25,4390,Praha 5-Stodulky,CZ,10815,01:00:00,hourly,2016-11-21T16:00:00+01:00,False
pm25,2671,Marion Mobile Monito,US,5577,01:00:00,hourly,2016-11-23T14:00:00-05:00,False
pm25,225852,Wandsworth - Putney High Street,GB,10601409,01:00:00,hourly,2024-09-10T02:00:00+01:00,False
pm25,1214911,大垣市西外側町２－４９,JP,6587294,01:00:00,hourly,2023-07-22T05:00:00+09:00,False
pm25,5119,Cle Elum Mobile,US,13223,01:00:00,hourly,2017-09-06T08:00:00-07:00,False
pm25,232004,Ludo outdoor,FR,1335364,,unknown,,False
pm25,6924,"Indirapuram, Ghaziabad - UPPCB",IN,12235779,01:00:00,hourly,2025-02-19T01:45:00+05:30,False
pm25,2623659,인천항,KR,8536701,01:00:00,hourly,2024-03-20T08:00:00+09:00,False
pm25,1009764,A882RZTJ,US,1564421,00:40:00,hourly,2024-04-24T09:00:00-07:00,False
pm25,3409431,"Digari Kalan, Jodhpur - RSPCB",IN,12237960,01:00:00,hourly,2025-02-19T01:45:00+05:30,False
pm25,2622755,감물면,KR,8541501,01:00:00,hourly,2024-03-20T10:00:00+09:00,False
pm25,9866,九站,CN,31036,01:00:00,hourly,2018-10-17T20:00:00+08:00,False
pm25,2623078,신원동,KR,8535769,01:00:00,hourly,2024-03-20T08:00:00+09:00,False
pm25,2383924,PM2.5 Mammoth Lakes,US,7811904,01:00:00,hourly,2024-02-03T23:00:00-08:00,False
pm25,57685,Thousand Oaks - Moor,US,1316140,01:00:00,hourly,2021-06-21T01:00:00-07:00,False
pm25,938279,Millvale,US,5973864,,unknown,,False
pm25,4489,Leipzig-Mitte,DE,5078784,01:00:00,hourly,2023-05-06T02:00:00+02:00,False
pm25,6421697,La Union - CLARO,US,16755919,01:00:00,hourly,2026-06-27T17:00:00-06:00,False
pm25,10165,安源区政府,CN,32854,01:00:00,hourly,2018-10-17T20:00:00+08:00,False
pm25,6135427,"Talpur House, Latifabad, Hyderabad",PK,14673708,01:00:00,hourly,2025-11-19T03:00:00+05:00,False
pm25,299963,ab09,HK,1705752,01:00:00,hourly,2022-03-23T19:11:28+08:00,False
pm25,9892,仁和,CN,31194,01:00:00,hourly,2018-10-17T20:00:00+08:00,False
pm25,3597971,Xamneua - Houaphan,LA,12390571,01:00:00,hourly,2025-03-06T10:00:00+07:00,False
pm25,2623619,진천읍,KR,8537080,01:00:00,hourly,2024-03-20T08:00:00+09:00,False
pm25,947151,South Shores Per Arts Mag ES (6870),US,2001084,00:30:00,hourly,2022-02-17T18:00:00-08:00,False
pm25,6207267,Norwood Park 1,US,15206056,00:18:00,hourly,2026-01-19T10:11:51-06:00,False
pm25,1564668,Lilac Hill,CA,6942075,01:00:00,hourly,2023-09-12T13:00:00-04:00,False
pm25,3390,CAMPANILLAS CIFA,ES,5078513,01:00:00,hourly,2023-05-08T12:00:00+02:00,False
pm25,227542,Walnut Rec.,US,1312502,01:00:00,hourly,2021-06-04T13:00:00-07:00,False
pm25,1878,NCORE,US,3325,01:00:00,hourly,2016-03-06T14:00:00-06:00,False
pm25,1236056,Waterfall Road,TH,6530296,01:00:00,hourly,2023-07-15T20:00:00+07:00,False
pm25,2847558,Bears' Cave,CA,9226059,01:00:00,hourly,2024-05-15T06:00:00-04:00,False
pm25,938279,Millvale,US,5831258,,unknown,,False
pm25,4109,Zone Rurale Nord,FR,5078428,01:00:00,hourly,2023-05-06T02:00:00+02:00,False
pm25,6222265,West Englewood 1,US,15314408,00:18:00,hourly,2026-01-30T20:04:02-06:00,False
pm25,1236031,NWCAA - BPS 1,US,6530262,01:00:00,hourly,2023-07-15T06:00:00-07:00,False
pm25,5282052,"Rue Cadillac, Québec",CA,13753111,01:00:00,hourly,2025-08-01T11:00:00-04:00,False
pm25,2812811,с.Байтик ,KG,8966957,00:18:00,hourly,2024-04-24T22:00:00+06:00,False
pm25,3510957,Tiwa Blvd,US,12320587,00:18:00,hourly,2025-02-26T20:02:23-07:00,False
pm25,9022,汉北路,CN,26628,01:00:00,hourly,2018-10-17T20:00:00+08:00,False
pm25,921116,Evansville-Buena Vis,US,5079661,01:00:00,hourly,2022-10-04T13:00:00-05:00,False
pm25,8900,Yuba City,US,25964,01:00:00,hourly,2019-04-19T09:00:00-07:00,False
pm25,337840,UAO Lago,CO,1927506,,unknown,,False
pm25,6217624,Suson Park,US,15281435,01:00:00,hourly,2026-01-27T10:00:00-06:00,False
pm25,6146655,Bellandur,IN,14754075,01:00:00,hourly,2025-11-29T17:30:00+05:30,False
pm25,784179,Uzice,RS,4275984,01:00:00,hourly,2023-03-30T20:00:00+02:00,False
pm25,6294662,Houston Pleasantvill,US,15851865,01:00:00,hourly,2026-04-02T10:00:00-05:00,False
pm25,3186714,Jebel Heights,SA,11088140,01:00:00,hourly,2024-10-26T20:00:00+03:00,False
pm25,6291376,수신면,KR,15827831,01:00:00,hourly,2026-04-01T01:00:00+09:00,False
pm25,2843627,โรงเรียนราชประชานุเคราะห์ 37,TH,9196354,01:00:00,hourly,2024-05-13T14:00:00+07:00,False
pm25,2622589,방산면,KR,8534132,01:00:00,hourly,2024-03-20T08:00:00+09:00,False
pm25,225576,Khai Surasinghanat,TH,1304250,24:00:00,daily,2021-04-30T02:00:00+07:00,False
pm25,8828,Billings,US,25745,01:00:00,hourly,2017-12-06T15:00:00-07:00,False
pm25,5662223,Waukesha,US,14030927,01:00:00,hourly,2025-09-03T18:00:00-05:00,False
pm25,5076089,Minnehaha Creek/Lake Harriet,US,13602021,01:00:00,hourly,2025-07-14T18:00:00-05:00,False
pm25,5781,İstanbul - Avcılar,TR,7017784,01:00:00,hourly,2023-09-22T13:00:00+03:00,False
pm25,2833,Heidenreichstein Thaures,AT,5078426,01:00:00,hourly,2023-05-06T02:00:00+02:00,False
pm25,7255,Działoszyn,PL,1562415,01:00:00,hourly,2022-01-14T11:00:00+01:00,False
pm25,9466,Civic,AU,28913,01:00:00,hourly,2019-12-24T05:00:00+11:00,False
pm25,9770,US Diplomatic Post: Guatemala City,GT,30479,01:00:00,hourly,2019-10-20T15:00:00-06:00,False
pm25,3066056,Community Magnet ES (2741),US,10635291,00:18:00,hourly,2024-09-16T10:12:07-07:00,False
pm25,6344446,DeVoscuyl,NL,16225317,01:00:00,hourly,2026-05-11T16:00:00+02:00,False
pm25,3930,40AL04 - BEVEREN,BE,9148,01:00:00,hourly,2016-11-22T16:00:00+01:00,False
pm25,2674799,"Talingchan, Bangkok, Thailand",TH,8655382,01:00:00,hourly,2024-03-29T17:00:00+07:00,False
pm25,2623751,조치원읍,KR,8534031,01:00:00,hourly,2024-03-20T08:00:00+09:00,False
pm25,6341002,Happy Valley ,US,16199450,01:00:00,hourly,2026-05-08T18:00:00-07:00,False
pm25,3911438,Nicholas,US,12644533,00:18:00,hourly,2025-03-31T15:16:58-07:00,False
pm25,6126991,Bissingen Nord,DE,14610010,01:00:00,hourly,2025-11-11T19:00:00+01:00,False
pm25,6199576,Beach,US,15161833,01:00:00,hourly,2026-01-13T12:00:00-07:00,False
pm25,691,DCNearRoad,US,1188,01:00:00,hourly,2016-03-13T03:00:00-04:00,False
pm25,7445,MMCA81010,US,21637,01:00:00,hourly,2020-02-13T00:00:00-08:00,False
pm25,6138460,Hilversum Zuid,NL,14693309,01:00:00,hourly,2025-11-21T19:00:00+01:00,False
pm25,938279,Millvale,US,5184204,,unknown,,False
pm25,2162353,FERROL,ES,7773921,01:00:00,hourly,2024-01-29T00:00:00+01:00,False
pm25,7342,安钢职工学校,CN,21243,01:00:00,hourly,2020-01-15T15:00:00+08:00,False
pm25,1215130,岡谷市今井１６６０－３,JP,6517591,01:00:00,hourly,2023-07-15T02:00:00+09:00,False
pm25,3295366,Windmill,US,11498874,00:18:00,hourly,2024-12-01T12:02:16-06:00,False
pm25,9696,长江旅游区(对照点),CN,30099,01:00:00,hourly,2018-10-17T20:00:00+08:00,False
pm25,3409441,"Sinchan Bhavan, Kolhapur - MPCB",IN,12238023,01:00:00,hourly,2025-02-19T01:45:00+05:30,False
pm25,219,Columbus - Rocky For,US,362,01:00:00,hourly,2016-03-13T01:00:00-05:00,False
pm25,921000,3A-PM2.5,US,5077570,01:00:00,hourly,2023-05-08T13:00:00-04:00,False
pm25,5337570,Groene Longen_Ringlaan,BE,14153238,01:00:00,hourly,2025-09-19T02:00:00+02:00,False
pm25,10432,惠农南大街,CN,34457,01:00:00,hourly,2018-10-17T20:00:00+08:00,False
pm25,5584607,Carkeek retreat,US,14153583,01:00:00,hourly,2025-09-18T17:00:00-07:00,False
pm25,7067,COP-CVID - Copacabana - Ciudadela Educativa La Vida,CO,20476,01:00:00,hourly,2018-11-04T19:00:00-05:00,False
pm25,1215371,札幌市豊平区月寒中央通７丁目,JP,6515430,01:00:00,hourly,2023-07-15T02:00:00+09:00,False
pm25,6420652,"Olympic Park, Lehi, Utah",US,16748484,01:00:00,hourly,2026-06-27T00:00:00-06:00,False
pm25,43339,润泉湖,CN,236204,01:00:00,hourly,2021-01-01T01:00:00+08:00,False
pm25,2623287,삽교읍,KR,8534594,01:00:00,hourly,2024-03-20T08:00:00+09:00,False
pm25,9828,东局子,CN,30808,01:00:00,hourly,2018-10-17T20:00:00+08:00,False
pm25,6148246,臺南市 - 林森,TW,14766116,01:00:00,hourly,2025-12-01T08:00:00+08:00,False
pm25,6131442,WTN1,US,14642743,01:00:00,hourly,2025-11-14T12:00:00-06:00,False
pm25,21,Beijing US Embassy,CN,40,01:00:00,hourly,2016-01-31T13:00:00+08:00,False
pm25,6356080,Parkside Intermediate School (redeployment),US,16312297,00:18:00,hourly,2026-05-19T09:01:11-07:00,False
pm25,1547377,"Linden Woods, Winnipeg",CA,6915468,01:00:00,hourly,2023-09-08T15:00:00-05:00,False
pm25,4850453,Aréna Hartland-Monahan,CA,14152975,01:00:00,hourly,2025-09-18T20:00:00-04:00,False
pm25,1146,KAHULUI,US,2055,01:00:00,hourly,2016-03-06T10:00:00-10:00,False
pm25,7352,市政府,CN,21304,01:00:00,hourly,2019-03-13T17:00:00+08:00,False
pm25,2622644,광양읍,KR,8534936,01:00:00,hourly,2024-03-20T08:00:00+09:00,False
pm25,1215785,菊池市大字隈府字前田８７８番地１,JP,8970322,01:00:00,hourly,2024-04-25T06:00:00+09:00,False
pm25,270735,Ankara - Siteler,TR,2078750,01:00:00,hourly,2022-10-25T17:00:00+03:00,False
pm25,3572,NET-FR058A,FR,7905,01:00:00,hourly,2016-11-21T17:00:00+01:00,False
pm25,270820,"Żagań, ul. Kochanowskiego",PL,1562406,01:00:00,hourly,2022-01-12T13:00:00+01:00,False
pm25,6222271,Belmont Cragin 4,US,15314367,00:18:00,hourly,2026-01-30T20:03:14-06:00,False
pm25,4919,44R710 - DESTELBERGE,BE,5078662,01:00:00,hourly,2023-05-09T12:00:00+02:00,False
pm25,5546,Tata Stadium - Jorapokhar - JSPCB,IN,12242974,01:00:00,hourly,2025-02-19T12:15:00+05:30,False
pm25,4804768,Municipal Office,PK,13378905,01:00:00,hourly,2025-06-20T15:00:00+05:00,False
pm25,4368,Teplice,CZ,5078427,01:00:00,hourly,2022-10-04T18:00:00+02:00,False
pm25,6135338,"F7-2, Street 20",PK,14671513,01:00:00,hourly,2025-11-18T19:00:00+05:00,False
pm25,7995,COBACH,MX,23207,01:00:00,hourly,2020-10-15T18:00:00-07:00,False
pm25,8152,"""Kaunas - Noreikiskes""",LT,23735,01:00:00,hourly,2017-09-22T15:00:00+03:00,False
pm25,4337379,Pharmacie du Bonheur,CI,13013377,01:00:00,hourly,2023-05-06T01:00:00Z,False
pm25,6186620,방어진순환도로,KR,15052828,01:00:00,hourly,2026-01-02T13:00:00+09:00,False
pm25,9952,凤凰山,CN,31556,01:00:00,hourly,2018-10-17T20:00:00+08:00,False
pm25,921130,Kingsville,AU,5079706,01:00:00,hourly,2022-10-05T06:00:00+11:00,False
pm25,6122245,Targu-Mures-VOC-2,RO,14574187,01:00:00,hourly,2025-11-07T11:00:00+02:00,False
pm25,6413386,Sunset Park,US,16694899,01:00:00,hourly,2026-06-21T19:00:00-07:00,False
pm25,3076533,SJ-1,RO,14927967,01:00:00,hourly,2025-12-17T01:00:00+02:00,False
pm25,221294,SE0117A,SE,1286810,01:00:00,hourly,2021-02-24T22:00:00+01:00,False
pm25,6147837,Billah Street,NZ,14763104,01:00:00,hourly,2025-06-04T07:50:00+12:00,False
pm25,43414,创业大厦,CN,236703,01:00:00,hourly,2021-01-01T01:00:00+08:00,False
pm25,1215984,館林市仲町１４－１,JP,6517467,01:00:00,hourly,2023-07-15T02:00:00+09:00,False
pm25,2836782,Vancouver-Clark Driv,CA,9146190,01:00:00,hourly,2024-05-08T17:00:00-07:00,False
pm25,2623259,성동구,KR,8537406,01:00:00,hourly,2024-03-20T08:00:00+09:00,False
pm25,3313492,40RL01 - ROESELARE,BE,11633064,01:00:00,hourly,2024-12-10T14:00:00+01:00,False
pm25,6022367,"Sofia, Zona-B19",BG,14292468,01:00:00,hourly,2025-10-05T07:00:00+03:00,False
pm25,3409368,"32Bungalows, Bhilai - CECB",IN,12237430,01:00:00,hourly,2025-02-19T01:45:00+05:30,False
pm25,7763,Uzdrowisko_Połczyn-Zdrój,PL,22591,01:00:00,hourly,2020-01-17T10:00:00+01:00,False
pm25,353677,Toowoomba,AU,2007580,01:00:00,hourly,2022-07-04T09:00:00+10:00,False
pm25,3965,"""Dunaujvaros""",HU,35804,01:00:00,hourly,2020-04-26T15:00:00+02:00,False
pm25,2162206,Neuwied-Hermannstraße,DE,7774126,01:00:00,hourly,2024-01-29T00:00:00+01:00,False
pm25,1227,Kona,US,2202,01:00:00,hourly,2016-03-17T11:00:00-10:00,False
pm25,6308034,"Sofia, Mladost-4",BG,15953321,01:00:00,hourly,2026-04-14T23:00:00+03:00,False
pm25,6199879,Nuriddin (Arystanbab k-si) ,KZ,15151744,01:00:00,hourly,2026-01-13T19:00:00+05:00,False
pm25,6309095,Westminster Town Hall,US,15961461,00:18:00,hourly,2026-04-15T11:12:23-06:00,False
pm25,225592,"District Hall, Kamphaeng Phet",TH,1304391,24:00:00,daily,2021-04-30T02:00:00+07:00,False
pm25,453,Longueuil,CA,1356910,01:00:00,hourly,2021-09-17T08:00:00-04:00,False
pm25,4471,Carlsfeld,DE,1312654,01:00:00,hourly,2021-06-05T02:00:00+02:00,False
pm25,3642,LA CHAUVINIERE,FR,5078968,01:00:00,hourly,2023-05-06T03:00:00+02:00,False
pm25,227535,"Manoharpur, Agra - UPPCB",IN,12236648,01:00:00,hourly,2025-02-19T01:45:00+05:30,False
pm25,4239,ALBALAT DELS TARONGERS,ES,10236,01:00:00,hourly,2016-11-21T21:00:00+01:00,False
pm25,1839,Mt Rainier- Jackson,US,6573188,01:00:00,hourly,2023-07-19T14:00:00-07:00,False
pm25,1949204,Unnamed (DCBSH3824 → AX9T9WLM),US,7526883,00:18:00,hourly,2023-12-11T14:44:40-08:00,False
pm25,4465,DEST075,DE,12087,01:00:00,hourly,2016-11-21T16:00:00+01:00,False
pm25,5851170,Baan Kut Ngong,TH,14165350,01:00:00,hourly,2025-09-20T13:00:00+07:00,False
pm25,270539,0683_Longchamp,FR,1561143,,unknown,,False
pm25,1037493,A4DS064J,US,1564529,00:40:00,hourly,2024-04-29T01:00:00-07:00,False
pm25,4797654,Barangay San Antonio - Parañaque-Sucat Road (Shopwise),PH,13372948,00:18:00,hourly,2025-06-20T02:06:05+08:00,False
pm25,223740,Shaftsbury Avenue,GB,1296080,01:00:00,hourly,2019-02-14T12:00:00Z,False
pm25,6147834,Gilles Avenue,NZ,14763105,01:00:00,hourly,2025-06-04T07:50:00+12:00,False
pm25,8475,"Sonia Vihar, Delhi - DPCC",IN,12235110,01:00:00,hourly,2025-02-19T01:45:00+05:30,False
pm25,6233467,Breitenstein,DE,15396927,01:00:00,hourly,2026-02-08T20:00:00+01:00,False
pm25,6258096,Kappa,US,15580348,01:00:00,hourly,2026-03-02T15:00:00-06:00,False
pm25,4161193,Elmhurst United MS,US,12866284,00:18:00,hourly,2025-04-24T10:01:38-07:00,False
pm25,278916,"Bulgaria, Sofia, Darvenitsa",BG,2089733,01:00:00,hourly,2022-02-05T02:00:00+02:00,False
pm25,4190184,PM2.5 Mammoth Lakes,US,12883902,01:00:00,hourly,2025-04-25T21:00:00-07:00,False
pm25,2914454,Sunny Brae,US,9720124,01:00:00,hourly,2024-06-24T21:00:00-07:00,False
pm25,11582,"Stuart Hill, Madikeri - KSPCB",IN,12236352,01:00:00,hourly,2025-02-19T01:45:00+05:30,False
pm25,6144,Bursa - Uludağ Üniv.-MTHM,TR,5079389,01:00:00,hourly,2023-05-08T03:00:00+03:00,False
pm25,6332,文明里(启用171012),CN,17674,01:00:00,hourly,2018-10-17T20:00:00+08:00,False
pm25,3267785,Garden Place Academy,US,11293972,01:00:00,hourly,2024-11-12T10:00:00-07:00,False
pm25,2163387,"""Bardejov - Pod Vinbagrom""",SK,7775547,01:00:00,hourly,2024-01-29T00:00:00+01:00,False
pm25,3080755,Aurora Reservoir,US,10746100,01:00:00,hourly,2024-09-26T11:00:00-06:00,False
pm25,2960651,"25 D.Anhaght street, Yerevan, Armenia",AM,10141020,00:18:00,hourly,2024-07-29T04:00:00+04:00,False
pm25,3847222,Fairwood Road,GB,12592754,00:18:00,hourly,2025-03-26T13:04:32Z,False
pm25,3258,VALÈNCIA-POLITÈCNIC,ES,7074,01:00:00,hourly,2016-11-21T21:00:00+01:00,False
pm25,6459,Flinders View,AU,1186218,01:00:00,hourly,2021-02-09T08:00:00+10:00,False
pm25,3780,FR29428,FR,8473,01:00:00,hourly,2016-11-23T01:00:00+01:00,False
pm25,2861423,โรงเรียนพยัคฆภูมิวิทยาคาร,TH,9329485,01:00:00,hourly,2024-05-23T10:00:00+07:00,False
pm25,2162303,LOS YÉBENES,ES,7772818,01:00:00,hourly,2024-01-29T00:00:00+01:00,False
pm25,7219,富区环保局(停运191231),CN,20784,01:00:00,hourly,2018-10-17T20:00:00+08:00,False
pm25,355297,Salton Sea Beach,US,2015221,01:00:00,hourly,2022-07-22T12:00:00-07:00,False
pm25,12024,"Chakala-Andheri East, Mumbai - IITM",IN,12442196,01:00:00,hourly,2025-03-11T13:30:00+05:30,False
pm25,11577,"Vinoba Nagara, Shivamogga - KSPCB",IN,39315,01:00:00,hourly,2020-11-08T18:30:00+05:30,False
pm25,6135973,"Divisional Public School and College, DG Khan",PK,14675912,01:00:00,hourly,2025-11-19T14:00:00+05:00,False
pm25,3401006,"Mountain View, ALD-CASITAS",US,14152345,01:00:00,hourly,2025-09-18T17:00:00-07:00,False
pm25,8922,新市环保局,CN,26052,01:00:00,hourly,2018-10-17T20:00:00+08:00,False
pm25,3063866,Siavonga,ZM,10618887,01:00:00,hourly,2024-09-15T10:00:00+02:00,False
pm25,10645,"Industrial Area, Hajipur - BSPCB",IN,35413,01:00:00,hourly,2020-03-02T15:30:00+05:30,False
pm25,1037570,Palacio Municipal,MX,5973563,01:00:00,hourly,2023-05-29T16:00:00-06:00,False
pm25,3599600,"Kasy Secondary School - Kasy, Vientiane Province ມັດທະຍົມສົມບູນ ກາສີ",LA,12391940,01:00:00,hourly,2025-03-06T13:00:00+07:00,False
pm25,358627,"Crescent University, Chengalpattu - TNPCB",IN,2029325,01:00:00,hourly,2022-09-15T19:30:00+05:30,False
pm25,4731,Bebra,DE,7147427,01:00:00,hourly,2023-10-07T02:00:00+02:00,False
pm25,3363804,"Redmond, WA",US,11987950,01:00:00,hourly,2025-01-10T18:00:00-08:00,False
pm25,6191916,Schneider,CH,15092840,01:00:00,hourly,2026-01-06T19:00:00+01:00,False
pm25,6426,NR,US,5077829,01:00:00,hourly,2022-10-04T12:00:00-06:00,False
pm25,3071,Hamburg Hafen,DE,11626101,01:00:00,hourly,2024-12-11T07:00:00+01:00,False
pm25,6152598,Tanque,BR,14798908,01:00:00,hourly,2025-12-04T17:00:00-03:00,False
pm25,869,V_VIEW,US,15571,01:00:00,hourly,2017-01-20T18:00:00-05:00,False
pm25,5962,MMCA81030,US,16162,01:00:00,hourly,2018-08-25T00:00:00-07:00,False
pm25,236332,Group3 4pm Boardwalk,SG,1358440,,unknown,,False
pm25,9992,十里店,CN,31803,01:00:00,hourly,2018-10-17T20:00:00+08:00,False
pm25,2907565,Gornji-Mihaljevec-1,HR,10140001,01:00:00,hourly,2024-07-29T02:00:00+02:00,False
pm25,4797661,Old Wack Wack Road corner Shaw Boulevard,PH,13372966,00:18:00,hourly,2025-06-20T02:00:43+08:00,False
pm25,4612345,Zürich-Affoltern,CH,14152810,01:00:00,hourly,2025-09-19T02:00:00+02:00,False
pm25,223717,Dagnall Street,GB,1296004,01:00:00,hourly,2018-10-16T12:00:00+01:00,False
pm25,2847308,"335 River Road, Ottawa",CA,9224244,01:00:00,hourly,2024-05-15T05:00:00-04:00,False
pm25,3633,Vesoul Pres Caillet,FR,4442227,01:00:00,hourly,2023-04-03T18:00:00+02:00,False
pm25,9934,兽医站,CN,31449,01:00:00,hourly,2018-10-17T20:00:00+08:00,False
pm25,2623590,논현,KR,8534149,01:00:00,hourly,2024-03-20T08:00:00+09:00,False
pm25,140,Alto Hospicio,CL,216,01:00:00,hourly,2016-02-23T09:00:00-03:00,False
pm25,2812640,с.Новопокровка 3,KG,8967329,00:18:00,hourly,2024-04-24T22:00:00+06:00,False
pm25,921138,Luka,ZA,5079721,01:00:00,hourly,2022-10-04T18:00:00+02:00,False
pm25,3409483,"Chembur, Mumbai - MPCB",IN,12238384,01:00:00,hourly,2025-02-19T01:45:00+05:30,False
pm25,1214709,北九州市門司区大字畑,JP,6519509,01:00:00,hourly,2023-07-15T02:00:00+09:00,False
pm25,3074818,fixe fin sans voiture,BE,10701395,01:00:00,hourly,2024-09-22T20:54:15+02:00,False
pm25,6204494,Groene Longen_Hagaardbosweg2,BE,15185503,01:00:00,hourly,2026-01-17T11:00:00+01:00,False
pm25,4818267,옥포항,KR,13390169,01:00:00,hourly,2025-06-22T01:00:00+09:00,False
pm25,9559,象湖,CN,29377,01:00:00,hourly,2018-10-17T20:00:00+08:00,False
pm25,11566,Armidale,AU,39282,24:00:00,daily,2019-12-24T02:00:00+11:00,False
pm25,1215294,新宿区下落合二丁目２番地先,JP,6516190,01:00:00,hourly,2023-07-15T02:00:00+09:00,False
pm25,225432,Capricorn,ZA,1303591,01:00:00,hourly,2021-04-29T19:00:00+02:00,False
pm25,3618,Faiencerie Creil,FR,7983,01:00:00,hourly,2017-02-18T09:00:00+01:00,False
pm25,6269471,Mill Road,GB,15665503,01:00:00,hourly,2026-03-12T20:00:00Z,False
pm25,6159856,"Yamaranguila, Intibuca - Sustenta Honduras",HN,14853526,01:00:00,hourly,2025-12-10T13:00:00-06:00,False
pm25,3813,Aurillac-Lagarde,FR,24881,01:00:00,hourly,2018-10-04T10:00:00+02:00,False
pm25,1235993,Indian Trail Rd,US,6530182,01:00:00,hourly,2023-07-15T09:00:00-07:00,False
pm25,3519,Belfort centre,FR,11547735,01:00:00,hourly,2024-12-04T05:00:00+01:00,False
pm25,3054,Offenbach Untere Grenzstraße,DE,6351136,01:00:00,hourly,2023-06-20T02:00:00+02:00,False
pm25,6292997,7-2 La Mancha Way,US,15839401,00:18:00,hourly,2026-04-01T19:02:45-07:00,False
pm25,4468703,Cavan Cavan Town Court House,IE,13100340,01:00:00,hourly,2025-05-19T21:00:00+01:00,False
pm25,5447852,Power and Riggs,US,13872343,01:00:00,hourly,2025-08-15T19:00:00-07:00,False
pm25,6135286,Malam Jabba Chairlift,PK,14671461,01:00:00,hourly,2025-11-18T19:00:00+05:00,False
pm25,9670,铁西工业园,CN,29941,01:00:00,hourly,2018-10-17T20:00:00+08:00,False
pm25,3468,Grande-synthe,FR,15290412,01:00:00,hourly,2026-01-27T03:00:00+01:00,False
pm25,5592091,"Hegi, Winterthur",CH,14153598,01:00:00,hourly,2025-09-19T02:00:00+02:00,False
pm25,5185,SK0265A,SK,13425,01:00:00,hourly,2017-09-23T01:00:00+02:00,False
pm25,10770,"Gdańsk, ul. Powstańców Warszawskich",PL,1731994,01:00:00,hourly,2022-03-31T10:00:00+02:00,False
pm25,4330,MOMPEAN,ES,238756,01:00:00,hourly,2020-12-30T06:00:00+01:00,False
pm25,6336506,airqo_g5555,UG,16166168,01:00:00,hourly,2026-05-05T22:00:00+03:00,False
pm25,4280,ES1803A,ES,10404,01:00:00,hourly,2016-11-21T21:00:00+01:00,False
pm25,236010,04F5_5AV,FR,1356898,,unknown,,False
pm25,2877111,Chamber of Commerce,US,9446873,00:18:00,hourly,2024-06-03T11:00:00-07:00,False
pm25,7700,环保局,CN,22407,01:00:00,hourly,2018-10-17T20:00:00+08:00,False
pm25,6226896,United Methodist University_Right Wing_A  (UMU_EPIC Liberia),LR,15348148,01:00:00,hourly,2026-02-03T14:00:00Z,False
pm25,317035,"Doon University, Dehradun - UKPCB",IN,12237080,01:00:00,hourly,2025-02-19T01:45:00+05:30,False
pm25,6269132,"Tegelbruksvägen, Åkersberga",SE,15663037,01:00:00,hourly,2026-03-12T12:00:00+01:00,False
pm25,6336489,airqo_g5502,NG,16166142,01:00:00,hourly,2026-05-05T20:00:00+01:00,False
pm25,2305,Amsterdam-Spaarnwoude,NL,5079261,01:00:00,hourly,2022-10-04T20:00:00+02:00,False
pm25,5284,Marg.Tietê-Pte Remédios,BR,5079359,01:00:00,hourly,2022-10-03T17:00:00-03:00,False
pm25,3039043,Lahaina Boys and Gir,US,10432038,01:00:00,hourly,2024-08-28T10:00:00-10:00,False
pm25,6291584,electronic lab San Tan Lueang,TH,15829415,01:00:00,hourly,2026-04-01T04:00:00+07:00,False
pm25,6222201,Lake View 4,US,15314393,00:18:00,hourly,2026-01-30T20:13:09-06:00,False
pm25,6106553,"College of Science and Technology,Phuentsholing Bhutan",BT,14459310,01:00:00,hourly,2025-10-24T16:00:00+06:00,False
pm25,1274942,Burlington,CA,6553692,01:00:00,hourly,2023-07-16T13:00:00-04:00,False
pm25,783907,Igualada,ES,4475457,01:00:00,hourly,2023-04-06T04:00:00+02:00,False
pm25,43517,晋宁区生态环境分局,CN,236822,01:00:00,hourly,2021-01-01T01:00:00+08:00,False
pm25,1236015,Redmond Ridge,US,6530224,01:00:00,hourly,2023-07-15T06:00:00-07:00,False
pm25,270711,Bend Ponderosa Eleme,US,1561963,01:00:00,hourly,2021-11-17T11:00:00-08:00,False
pm25,921172,Worcester-NAQI,ZA,5079782,01:00:00,hourly,2022-10-04T20:00:00+02:00,False
pm25,2812816,Park/Lawrence,US,8967033,00:18:00,hourly,2024-04-24T12:00:00-04:00,False
pm25,8361,SARONNO - SANTUARIO,IT,7773043,01:00:00,hourly,2024-01-29T00:00:00+01:00,False
pm25,1215440,横浜市中区本牧大里町３４,JP,6520094,01:00:00,hourly,2023-07-15T02:00:00+09:00,False
pm25,3456728,Santa Margarita,MX,12285335,01:00:00,hourly,2025-02-21T13:00:00-06:00,False
pm25,1236360,"Bungkan School 1, Mueang, Bungkan",LA,6530416,01:00:00,hourly,2023-07-15T20:00:00+07:00,False
pm25,4563,Gaudenzdorf,AT,30215,01:00:00,hourly,2020-03-16T21:00:00+01:00,False
pm25,578,San Bernabé,MX,1014,01:00:00,hourly,2016-03-07T08:00:00-06:00,False
pm25,3494932,schuman fixed 2 suite,BE,12307397,,unknown,,False
pm25,6221834,North Lawndale 3,US,15312516,00:18:00,hourly,2026-01-30T16:14:32-06:00,False
pm25,6882,FR30038,FR,19784,01:00:00,hourly,2018-01-05T02:00:00+01:00,False
pm25,4613,Stuttgart Arnulf-Klett-Platz,DE,5079047,01:00:00,hourly,2023-05-06T02:00:00+02:00,False
pm25,6141726,CEN-SR-03:Biratnagar metropolitan city office ,NP,14717154,01:00:00,hourly,2025-11-25T06:45:00+05:45,False
pm25,223689,Holloway Bus Garage,GB,1295908,01:00:00,hourly,2018-10-10T13:00:00+01:00,False
pm25,5524856,Sustainable Living Project,US,13930557,00:18:00,hourly,2025-08-22T15:57:14-04:00,False
pm25,8481,Instituto de Ingeniería y Tecnología,MX,24638,01:00:00,hourly,2020-10-15T19:00:00-06:00,False
pm25,2162894,Casoria Scuola Palizzi (CAM),IT,14392762,01:00:00,hourly,2025-10-16T17:00:00+02:00,False
pm25,4348,ES1096A,ES,10694,01:00:00,hourly,2016-11-21T17:00:00+01:00,False
pm25,290627,4096 - Gates El,US,1654577,00:40:00,hourly,2022-02-17T17:57:28-08:00,False
pm25,2623034,고덕동,KR,8536439,01:00:00,hourly,2024-03-20T08:00:00+09:00,False
pm25,1214697,北九州市八幡西区塔野一丁目３－１,JP,6515181,01:00:00,hourly,2023-07-15T02:00:00+09:00,False
pm25,9681,银河街,CN,30008,01:00:00,hourly,2018-10-17T20:00:00+08:00,False
pm25,3313497,42R804 - ANTWERPEN,BE,11633765,01:00:00,hourly,2024-12-10T14:00:00+01:00,False
pm25,6165771,Kaikorai Valley College Urban Farm,NZ,14898041,01:00:00,hourly,2025-12-15T17:00:00+13:00,False
pm25,1215536,清瀬市上清戸２－６－４１,JP,6521115,01:00:00,hourly,2023-07-15T02:00:00+09:00,False
pm25,6441493,Long Lake Road,CA,16902428,01:00:00,hourly,2026-07-11T13:00:00-04:00,False
pm25,6126185,Banner Mountain Lookout,US,14603888,01:00:00,hourly,2025-11-10T14:00:00-08:00,False
pm25,487,Deschambault,CA,1356928,01:00:00,hourly,2021-09-17T08:00:00-04:00,False
pm25,6200270,Chatsworth Public Library - Outside,US,15154346,00:18:00,hourly,2026-01-13T14:08:59-08:00,False
pm25,1215409,松浦市志佐町浦免８１２－１,JP,6516975,01:00:00,hourly,2023-07-15T02:00:00+09:00,False
pm25,6969,"Huda Sector, Fatehabad - HSPCB",IN,20106,01:00:00,hourly,2019-02-13T05:45:00+05:30,False
pm25,8633,Indio - Jackson Stre,US,25062,01:00:00,hourly,2019-11-07T11:00:00-08:00,False
pm25,921045,Park Yamacha,BG,5078058,01:00:00,hourly,2023-05-08T02:58:00+03:00,False
pm25,7477,自来水公司　,CN,21695,01:00:00,hourly,2018-10-17T20:00:00+08:00,False
pm25,7091,MMCA81015,US,20509,01:00:00,hourly,2019-10-27T14:00:00-07:00,False
pm25,9592,高开区环保局,CN,29538,01:00:00,hourly,2018-10-17T20:00:00+08:00,False
pm25,947232,Palisades ES (5959) #1,US,2001040,00:30:00,hourly,2022-02-17T18:00:00-08:00,False
pm25,1214538,亘理郡山元町高瀬字合戦原１００－１,JP,9594537,01:00:00,hourly,2024-06-15T01:00:00+09:00,False
pm25,6401192,Villa Maria - Municipalidad,AR,16604682,01:00:00,hourly,2026-06-13T11:00:00-03:00,False
pm25,61754,"Richmond, CA",US,391131,00:00:05,hourly,2017-06-13T00:00:00-07:00,False
pm25,2162511,ZUBIETA,ES,7775951,01:00:00,hourly,2024-01-29T00:00:00+01:00,False
pm25,43495,开发区幼儿园,CN,237539,01:00:00,hourly,2021-01-01T01:00:00+08:00,False
pm25,921029,Vasil Levski School of Ivaylovgrad,BG,5077980,01:00:00,hourly,2023-05-08T02:58:00+03:00,False
pm25,5524247,Glenview ES,US,13929753,00:18:00,hourly,2025-08-22T10:03:14-07:00,False
pm25,4850451,"Chelsea, MA",US,13418556,01:00:00,hourly,2025-06-24T13:00:00-04:00,False
pm25,3082,Borken-Gemen,DE,1562206,01:00:00,hourly,2021-12-16T01:00:00+01:00,False
pm25,5897,GBUAPCD EBAM @ Bridg,US,16001,01:00:00,hourly,2018-07-31T13:00:00-07:00,False
pm25,1001728,AXXKFSNJ,US,2001280,00:30:00,hourly,2022-04-29T14:21:25-06:00,False
pm25,2567,Targówek,PL,5221,01:00:00,hourly,2016-01-30T02:00:00+01:00,False
pm25,233,Spokane Valley-E Bro,US,377,01:00:00,hourly,2016-03-14T13:00:00-07:00,False
pm25,2142493,Wiang Nuea Beverly Hills Hua Chang Dam,TH,7749647,01:00:00,hourly,2024-01-25T20:00:00+07:00,False
pm25,8358,DALMiNE - Via Verdi,IT,7773064,01:00:00,hourly,2024-01-29T00:00:00+01:00,False
pm25,784149,Beograd Vinča,RS,4275667,01:00:00,hourly,2023-03-30T20:00:00+02:00,False
pm25,9829,东山公园,CN,30814,01:00:00,hourly,2018-10-17T20:00:00+08:00,False
pm25,3345345,Rayong Provincial Stadium,TH,11863289,01:00:00,hourly,2025-01-01T20:00:00+07:00,False
pm25,6197932,"с. Новопавловка, ул. Школьная/ул. Крупская",KG,15138122,00:18:00,hourly,2026-01-12T11:13:27+06:00,False
pm25,3163445,colegio Bolivar,CO,11032082,01:00:00,hourly,2024-10-21T10:00:00-05:00,False
pm25,6216059,United Methodist University_Left Wing Upper (UMU_EPIC Liberia),LR,15269713,01:00:00,hourly,2026-01-26T09:00:00Z,False
pm25,595,SETRPC Mauriceville,US,5077685,01:00:00,hourly,2023-05-06T20:00:00-05:00,False
pm25,4721,NET.DE_BB,DE,11843,01:00:00,hourly,2016-11-21T15:00:00+01:00,False
pm25,9251,睦岗子站,CN,27984,01:00:00,hourly,2018-10-17T20:00:00+08:00,False
pm25,6175366,№31 orta mektep,KZ,14969384,01:00:00,hourly,2025-12-23T18:00:00+05:00,False
pm25,2097,Estación Facultad de,MX,3762,01:00:00,hourly,2016-03-10T02:00:00-06:00,False
pm25,2623016,신정동,KR,8537413,01:00:00,hourly,2024-03-20T08:00:00+09:00,False
pm25,6286020,Miri Air - Ipaja,NG,15787512,01:00:00,hourly,2026-03-01T01:00:00+01:00,False
pm25,6197960,"ж/м. Кызыл-Аскер, ул. Месароша/ул. Абдраева ",KG,15138137,00:18:00,hourly,2026-01-12T11:02:21+06:00,False
pm25,9218,监测楼,CN,27783,01:00:00,hourly,2018-10-17T20:00:00+08:00,False
pm25,3251315,"Fulshear, Texas",US,11255953,01:00:00,hourly,2024-11-10T06:00:00-06:00,False
pm25,8087,"""Õismäe""",EE,23448,01:00:00,hourly,2020-04-20T23:00:00+03:00,False
pm25,2432,Estación Centro,CL,4620,01:00:00,hourly,2016-02-05T10:00:00-03:00,False
pm25,1215819,西宮市津門川町６番２０号,JP,6516736,01:00:00,hourly,2023-07-15T02:00:00+09:00,False
pm25,2622744,경안동,KR,8535935,01:00:00,hourly,2024-03-20T08:00:00+09:00,False
pm25,2314,Nijmegen-Ruyterstraat,NL,4201,24:00:00,daily,2016-01-30T02:00:00+01:00,False
pm25,2453313,State Dept of Environmental Conservation,US,7897355,01:00:00,hourly,2024-02-20T09:00:00-05:00,False
pm25,60659,"Jawahar Nagar, Puducherry - PPCC",IN,389751,01:00:00,hourly,2021-01-12T20:30:00+05:30,False
pm25,358456,"Gulzarpet, Anantapur - APPCB",IN,2028432,01:00:00,hourly,2022-09-13T17:15:00+05:30,False
pm25,6955,"Lal Bahadur Shastri Nagar, Kalaburagi - KSPCB",IN,12460304,01:00:00,hourly,2025-03-13T09:30:00+05:30,False
pm25,2163366,"""Trnava - Kollarova""",SK,7775398,01:00:00,hourly,2024-01-29T00:00:00+01:00,False
pm25,6211301,Vei 228,NO,15234555,01:00:00,hourly,2026-01-22T18:00:00+01:00,False
pm25,2907306,holmdell,US,9672099,01:00:00,hourly,2024-06-20T14:00:00-07:00,False
pm25,9548,西梁,CN,29317,01:00:00,hourly,2018-10-17T20:00:00+08:00,False
pm25,268821,outdoor2,VN,1552809,,unknown,,False
pm25,9861,丹徒区监测站,CN,31006,01:00:00,hourly,2018-10-17T20:00:00+08:00,False
pm25,10373,市职教基地,CN,34102,01:00:00,hourly,2018-10-17T20:00:00+08:00,False
pm25,2979493,Oakridge 1,US,10141008,00:18:00,hourly,2024-07-28T17:00:00-07:00,False
pm25,1456,Walla Walla-12th St,US,2581,01:00:00,hourly,2016-03-06T12:00:00-08:00,False
pm25,10455,文理学院,CN,34603,01:00:00,hourly,2018-10-17T20:00:00+08:00,False
pm25,2065634,SLC1-Bucaramanga,CO,7658328,01:00:00,hourly,2024-01-07T16:00:00-05:00,False
pm25,2960672,"24 Nansen street, Yerevan, Armenia",AM,10141012,00:18:00,hourly,2024-07-29T04:00:00+04:00,False
pm25,353742,Mukdahan Provincial Stadium,TH,2007836,24:00:00,daily,2022-07-05T10:00:00+07:00,False
pm25,9737,静安监测站,CN,30375,01:00:00,hourly,2018-10-17T20:00:00+08:00,False
pm25,7136,Lautaro,CL,20569,01:00:00,hourly,2019-06-17T01:00:00-04:00,False
pm25,2624054,석사동,KR,8578059,01:00:00,hourly,2024-03-23T09:00:00+09:00,False
pm25,2240,VINTON - Herman Horn,US,4043,01:00:00,hourly,2016-03-06T16:00:00-05:00,False
pm25,4069042,Cecil Avenue - Colocated (SJVAir),US,12799544,01:00:00,hourly,2025-04-16T13:00:00-07:00,False
pm25,225632,"Chomthong District Office, Bangkok",TH,1304130,24:00:00,daily,2021-04-30T02:00:00+07:00,False
pm25,43361,蒙二幼,CN,236563,01:00:00,hourly,2021-01-01T01:00:00+08:00,False
pm25,3553304,"Ekaphab Secondary School - Xayabury, Xayabury ມັດທະຍົມ ເອກະພາບ",LA,12370643,01:00:00,hourly,2025-03-04T10:00:00+07:00,False
pm25,2162992,Francavilla,IT,7852816,01:00:00,hourly,2024-02-10T19:00:00+01:00,False
pm25,1215658,神戸市須磨区行幸町３丁目,JP,6515452,01:00:00,hourly,2023-07-15T02:00:00+09:00,False
pm25,225832,Sutton - Beddington Lane north,GB,1304886,01:00:00,hourly,2021-04-30T01:00:00+01:00,False
pm25,1381,Winnipeg_Ellens,CA,23362,01:00:00,hourly,2018-08-20T12:00:00-05:00,False
pm25,26127,Greenfield,US,41518,,unknown,,False
pm25,2829508,Porepunkah,AU,9091271,01:00:00,hourly,2024-05-05T18:00:00+10:00,False
pm25,1787891,LEIALI'I,US,7341205,01:00:00,hourly,2023-11-01T19:00:00-10:00,False
pm25,1065352,Kaiapoi,NZ,6231608,01:00:00,hourly,2023-06-07T13:00:00+12:00,False
pm25,4379,Cesky Tesin,PL,10763,01:00:00,hourly,2016-11-21T16:00:00+01:00,False
pm25,1118072,Vernon Street,US,6359299,01:00:00,hourly,2023-06-22T02:00:00-04:00,False
pm25,2163185,GJ-2,RO,14927978,01:00:00,hourly,2025-12-17T01:00:00+02:00,False
pm25,5656465,Vinkuran,HR,14026875,01:00:00,hourly,2025-09-03T13:00:00+02:00,False
pm25,2843970,MOBILNA UŽICE - LUNOVO SELO,RS,9198980,01:00:00,hourly,2024-05-13T13:00:00+02:00,False
pm25,6135675,Clark State vs. Silicon Heartland,US,14672905,01:00:00,hourly,2025-11-18T21:00:00-05:00,False
pm25,1996803,Beilen,NL,7579599,01:00:00,hourly,2023-12-22T19:00:00+01:00,False
pm25,1621,CARY,US,2858,01:00:00,hourly,2016-03-06T14:00:00-06:00,False
pm25,7474,MMCA82012,US,21688,01:00:00,hourly,2020-02-27T16:00:00-08:00,False
pm25,783941,Debrecen Kalotaszeg tér,HU,4272864,01:00:00,hourly,2023-03-30T18:00:00+02:00,False
pm25,10429,德盛苑,CN,34439,01:00:00,hourly,2018-10-17T20:00:00+08:00,False
pm25,6276781,Ashkelon Barnea (Ramat Kramim),IL,15719508,01:00:00,hourly,2026-03-19T01:00:00+02:00,False
pm25,921158,Portola,US,5079758,01:00:00,hourly,2022-10-04T11:00:00-07:00,False
pm25,2210,Dodge City,US,7496248,01:00:00,hourly,2023-12-04T13:00:00-06:00,False
pm25,7147,MMCA82026,US,20582,01:00:00,hourly,2019-12-11T10:00:00-08:00,False
pm25,6345665,Harrison Township,US,16234534,01:00:00,hourly,2026-05-11T09:00:00-04:00,False
pm25,3295359,Arnett Benson,US,11498878,00:18:00,hourly,2024-12-01T12:02:05-06:00,False
pm25,2162657,Perpignan bd Pyrénées,FR,15121829,01:00:00,hourly,2026-01-07T05:00:00+01:00,False
pm25,1235995,"Didam, NL",NL,6530176,01:00:00,hourly,2023-07-15T15:00:00+02:00,False
pm25,3306475,"Corona Heights, San Francisco",US,11581706,01:00:00,hourly,2024-12-08T19:00:00-08:00,False
pm25,6410794,EBAM-10,US,16675671,01:00:00,hourly,2026-06-19T23:00:00-07:00,False
pm25,5731001,Örebro Rudbecksskolan,SE,14079351,01:00:00,hourly,2025-09-10T00:00:00+02:00,False
pm25,7489,MMCA81014,US,21722,01:00:00,hourly,2020-03-05T13:00:00-08:00,False
pm25,2692439,Wanglang Rd.,TH,8694736,01:00:00,hourly,2024-04-01T21:00:00+07:00,False
pm25,6259490,Hochgratweg,DE,15590580,01:00:00,hourly,2026-03-04T01:00:00+01:00,False
pm25,11572,Maryville,US,39297,01:00:00,hourly,2020-11-03T20:00:00-06:00,False
pm25,368942,İstanbul - Kadıköy,TR,2083765,01:00:00,hourly,2022-10-28T11:00:00+03:00,False
pm25,2585,AAQMS Karve Road Pune,IN,5354,00:15:00,hourly,2016-03-21T13:30:00+05:30,False
pm25,3304042,Hakvagen,SE,11563448,01:00:00,hourly,2024-12-07T12:00:00+01:00,False
pm25,79,Hilversum-J. Gerardtsweg,NL,118,24:00:00,daily,2016-01-30T02:00:00+01:00,False
pm25,6092595,"West Point (UMU-EPIC), Liberia",LR,14356827,01:00:00,hourly,2025-10-12T13:00:00Z,False
pm25,6144553,Sala Capriasca,CH,14738094,01:00:00,hourly,2025-11-27T14:00:00+01:00,False
pm25,42400,KGL,RW,228496,05:00:00,other (05:00:00),2020-12-29T01:00:00+02:00,False
pm25,2622714,중2동,KR,8534497,01:00:00,hourly,2024-03-20T08:00:00+09:00,False
pm25,3267793,MLK Early College,US,11293966,01:00:00,hourly,2024-11-12T10:00:00-07:00,False
pm25,4412,Frydek-Mistek,CZ,10889,01:00:00,hourly,2016-11-21T16:00:00+01:00,False
pm25,1930282,Leśna Ostropa,PL,7505247,01:00:00,hourly,2023-12-07T15:00:00+01:00,False
pm25,1236004,Mitcham ,AU,6530202,01:00:00,hourly,2023-07-15T23:00:00+10:00,False
pm25,7936,Los Angeles - N. Mai,US,25196,01:00:00,hourly,2017-06-07T15:00:00-07:00,False
pm25,1215454,横浜市磯子区磯子３－５－１,JP,6516359,01:00:00,hourly,2023-07-15T02:00:00+09:00,False
pm25,5568718,Groene Longen_Moestuinsteeg,BE,14157971,01:00:00,hourly,2025-09-19T14:00:00+02:00,False
pm25,1215866,貝塚市鳥羽１２２－１,JP,6518528,01:00:00,hourly,2023-07-15T02:00:00+09:00,False
pm25,2936423,84fce606f6a0,US,9856481,01:00:00,hourly,2024-07-06T17:00:00-06:00,False
pm25,1668307,"Mladost, Gabrovo, Bulgaria",BG,7127008,01:00:00,hourly,2023-10-06T12:00:00+03:00,False
pm25,2858173,โรงเรียนบ้านคอกควาย(สันติภาพคุรุราษฎร์พัฒนา),TH,9305155,01:00:00,hourly,2024-05-21T15:00:00+07:00,False
pm25,1215244,広島市西区三篠町１－９－２５,JP,6517438,01:00:00,hourly,2023-07-15T02:00:00+09:00,False
pm25,6200132,Needles ,US,15153364,00:18:00,hourly,2026-01-13T11:10:30-08:00,False
pm25,8078,CLEVELAND,US,25701,01:00:00,hourly,2018-02-17T20:00:00-06:00,False
pm25,12040,"Mulund West, Mumbai - MPCB",IN,40641,01:00:00,hourly,2020-12-16T18:00:00+05:30,False
pm25,3047759,Caxias do Sul,BR,10497637,01:00:00,hourly,2024-09-04T14:00:00-03:00,False
pm25,2623599,삼진로,KR,8534359,01:00:00,hourly,2024-03-20T08:00:00+09:00,False
pm25,10270,市审计局,CN,33476,01:00:00,hourly,2018-10-17T20:00:00+08:00,False
pm25,6223085,Tor Kasetpattana,TH,15319253,01:00:00,hourly,2026-01-31T20:00:00+07:00,False
pm25,1215478,比企郡川島町かわじま２－１９,JP,6516956,01:00:00,hourly,2023-07-15T02:00:00+09:00,False
pm25,2904084,Lawrence Hall of Science,US,10141027,00:18:00,hourly,2024-07-28T17:00:00-07:00,False
pm25,6175711,"Kyrgauyldy auyly, Orta mektep",KZ,14971210,01:00:00,hourly,2025-12-23T23:00:00+05:00,False
pm25,16,Civil Lines,IN,34,,unknown,,False
pm25,1215595,白井市七次台３－２２,JP,9048027,01:00:00,hourly,2024-05-02T01:00:00+09:00,False
pm25,1214780,名古屋市南区松下町２－１,JP,6518165,01:00:00,hourly,2023-07-15T02:00:00+09:00,False
pm25,61486,Google Street View Car,GB,446268,00:00:01,hourly,2018-08-30T16:21:28+01:00,False
pm25,3256331,Šenova Sopot,HR,11268921,01:00:00,hourly,2024-11-11T16:00:00+01:00,False
pm25,6272951,,US,15691287,01:00:00,hourly,2026-03-15T14:00:00-04:00,False
pm25,6414391,Tishomingo,US,16702385,00:18:00,hourly,2026-06-22T15:08:32-05:00,False
pm25,1477633,Oroville Mobile,US,6819304,01:00:00,hourly,2023-08-24T12:00:00-07:00,False
pm25,3687788,Josefigasse,AT,14152525,01:00:00,hourly,2025-09-19T02:00:00+02:00,False
pm25,3345216,Shed,PL,11862263,01:00:00,hourly,2025-01-01T13:00:00+01:00,False
pm25,223714,Haimo Road,GB,1295993,01:00:00,hourly,2018-10-16T16:00:00+01:00,False
pm25,5722166,Banister Lane,US,14073154,01:00:00,hourly,2025-09-09T00:00:00-05:00,False
pm25,4209627,Tampa Heights Community Garden,US,12895162,00:18:00,hourly,2025-04-28T15:35:42-04:00,False
pm25,10112,培训基地,CN,32531,01:00:00,hourly,2018-10-17T20:00:00+08:00,False
pm25,5516,The Gap,AU,5079371,01:00:00,hourly,2022-10-05T05:00:00+10:00,False
pm25,1214636,児湯郡高鍋町大字北高鍋２０４,JP,6521039,01:00:00,hourly,2023-07-15T02:00:00+09:00,False
pm25,5904228,Brinnonshire Estates,US,14205679,01:00:00,hourly,2025-09-24T18:00:00-07:00,False
pm25,2161322,Võng La,VN,7772079,01:00:00,hourly,2024-01-15T14:00:00+07:00,False
pm25,5984,GBUAPCD EBAM @ Bridg,US,16220,01:00:00,hourly,2018-09-07T00:00:00-07:00,False
pm25,235453,group 6 2125,SG,1353873,,unknown,,False
pm25,1215920,鈴鹿市算所５丁目１７－１,JP,6516052,01:00:00,hourly,2023-07-15T02:00:00+09:00,False
pm25,225675,Meteorological Station Lopburi,TH,1304332,24:00:00,daily,2021-04-30T02:00:00+07:00,False
pm25,43347,王港中学(对照点),CN,236212,01:00:00,hourly,2021-01-01T01:00:00+08:00,False
pm25,9189,生物制品所,CN,27602,01:00:00,hourly,2018-10-17T20:00:00+08:00,False
pm25,1430,BUTLER MANUF. CO NEA,US,2551,01:00:00,hourly,2016-03-06T15:00:00-05:00,False
o3,474,Connecticut Hill,US,818,01:00:00,hourly,2016-06-09T16:00:00-04:00,False
o3,1692,Temecula (Lake Skinn,US,2994,01:00:00,hourly,2016-03-24T16:00:00-07:00,False
o3,10363,Wamsutter,US,33988,01:00:00,hourly,2016-12-19T09:00:00-07:00,False
o3,230822,Kriel Village,ZA,1328963,01:00:00,hourly,2021-08-02T23:00:00+02:00,False
o3,2623553,원평동,KR,8539576,01:00:00,hourly,2024-03-20T08:00:00+09:00,False
o3,2622955,평택항,KR,8539407,01:00:00,hourly,2024-03-20T08:00:00+09:00,False
o3,633,Whiteface Mtn,US,1108,01:00:00,hourly,2016-03-10T03:00:00-05:00,False
o3,8806,Candor,US,25676,01:00:00,hourly,2016-08-28T10:00:00-04:00,False
o3,7923,Parque La Esperanza,MX,2694073,01:00:00,hourly,2023-01-09T14:00:00-06:00,False
o3,2746518,Mooroolbark,AU,8815173,01:00:00,hourly,2024-04-12T05:00:00+10:00,False
o3,225434,Olievenhoutbosch-NAQI,ZA,1303550,01:00:00,hourly,2021-04-29T19:00:00+02:00,False
o3,1410,West Los Angeles - V,US,2517,01:00:00,hourly,2016-03-06T12:00:00-08:00,False
o3,2622587,산청읍,KR,8542885,01:00:00,hourly,2024-03-20T08:00:00+09:00,False
o3,1650686,Mueang Chaiyaphum Municipality Stadium,TH,7093740,01:00:00,hourly,2023-10-02T17:00:00+07:00,False
o3,5938,"Nai Mueang, Mueang",TH,16091,01:00:00,hourly,2016-01-30T08:00:00+07:00,False
o3,10802,Santiago Acahualtepec,MX,36080,01:00:00,hourly,2020-10-15T20:00:00-05:00,False
o3,7400,Kensington,AU,21559,01:00:00,hourly,2019-12-24T02:00:00+10:30,False
o3,1688,Thibodaux,US,2986,01:00:00,hourly,2016-03-06T14:00:00-06:00,False
o3,1136,Joshua Tree NP - Cot,US,2037,01:00:00,hourly,2016-03-06T12:00:00-08:00,False
o3,921119,Gary-IITRI,US,5079670,01:00:00,hourly,2022-10-04T13:00:00-05:00,False
o3,1275379,Ottawa Downtown,CA,6571252,01:00:00,hourly,2023-07-18T11:00:00-04:00,False
o3,180,Channelview C15/AH115,US,299,01:00:00,hourly,2016-01-29T19:00:00-06:00,False
o3,2954722,Livermore-Portola,US,9963452,01:00:00,hourly,2024-07-15T10:00:00-07:00,False
o3,2622827,별내동,KR,8539908,01:00:00,hourly,2024-03-20T08:00:00+09:00,False
o3,2623637,기장읍,KR,8538720,01:00:00,hourly,2024-03-20T08:00:00+09:00,False
o3,2622968,주문진읍,KR,8539936,01:00:00,hourly,2024-03-20T08:00:00+09:00,False
o3,2675904,Bald Eagle,US,15675776,01:00:00,hourly,2026-03-12T20:00:00-04:00,False
o3,890,Chico -  East,US,1622,01:00:00,hourly,2016-03-06T12:00:00-08:00,False
o3,2623032,춘포면,KR,8539360,01:00:00,hourly,2024-03-20T09:00:00+09:00,False
o3,8095,SUR,MX,23487,01:00:00,hourly,2020-10-15T19:00:00-06:00,False
o3,1548,Bonifay,US,2730,01:00:00,hourly,2016-03-06T14:00:00-06:00,False
o3,1306,ZION,US,2354,01:00:00,hourly,2016-03-06T14:00:00-06:00,False
o3,2623214,백마로(마두역),KR,8538335,01:00:00,hourly,2024-03-20T09:00:00+09:00,False
o3,1512809,San Martín Texmelucan,MX,6865466,01:00:00,hourly,2023-08-30T11:00:00-06:00,False
o3,11506,תחנה:שכון ל,IL,39026,00:15:00,hourly,2017-08-11T02:00:00+03:00,False
o3,8911,Woodstock,US,25995,01:00:00,hourly,2016-08-05T15:00:00-04:00,False
o3,495,Edmonton South,CA,922,01:00:00,hourly,2016-03-10T01:00:00-07:00,False
o3,40352,Trona - Athol and Te,US,5077903,01:00:00,hourly,2023-05-09T08:00:00-07:00,False
o3,1727,Sycamore,US,3047,01:00:00,hourly,2016-03-30T14:00:00-04:00,False
o3,5744609,Clínica Hospital ISSSTE,MX,14089383,01:00:00,hourly,2025-09-10T23:00:00-06:00,False
o3,2623542,충혼탑,KR,8540010,01:00:00,hourly,2024-03-20T08:00:00+09:00,False
o3,984,Leonia,US,1777,01:00:00,hourly,2016-03-10T03:00:00-05:00,False
o3,8810,Calexico - Ethel Str,US,25695,01:00:00,hourly,2019-04-18T13:00:00-07:00,False
o3,1061,Port Stanley,CA,1898,01:00:00,hourly,2016-03-06T15:00:00-05:00,False
o3,2623196,중봉,KR,8538588,01:00:00,hourly,2024-03-20T08:00:00+09:00,False
o3,9013,Facultad de Medicina,MX,26894,01:00:00,hourly,2020-10-15T19:00:00-05:00,False
o3,26099,ACHD North Braddock,US,41262,00:15:00,hourly,2019-03-01T01:00:00-05:00,False
o3,41168,LYNN,US,6222434,01:00:00,hourly,2023-06-04T18:00:00-04:00,False
o3,225673,National Housing Authority Dindaeng,TH,1304314,08:00:00,other (08:00:00),2021-04-30T01:00:00+07:00,False
o3,2112,DESPLNS,US,3799,01:00:00,hourly,2016-03-31T11:00:00-05:00,False
o3,2622855,서초구,KR,8539786,01:00:00,hourly,2024-03-20T08:00:00+09:00,False
o3,2939446,Pickle Lake,CA,9874639,01:00:00,hourly,2024-07-07T08:00:00-05:00,False
o3,8687,Dripping Springs C61,US,25221,01:00:00,hourly,2020-06-29T23:00:00-05:00,False
o3,234235,Deagon,AU,1347580,01:00:00,hourly,2021-08-31T11:00:00+10:00,False
o3,2623295,탄천면,KR,8543631,01:00:00,hourly,2024-03-20T08:00:00+09:00,False
o3,2622594,신장동,KR,8540237,01:00:00,hourly,2024-03-20T08:00:00+09:00,False
o3,2946476,Sand Mountain,US,9916227,01:00:00,hourly,2024-07-11T06:00:00-05:00,False
o3,11288,תחנה:מבקיעים,IL,38170,00:15:00,hourly,2017-08-11T02:00:00+03:00,False
o3,8213,Castlegar Zinio Park,CA,1325020,01:00:00,hourly,2021-07-23T06:00:00-07:00,False
o3,2623410,성산읍,KR,8535818,01:00:00,hourly,2024-03-20T08:00:00+09:00,False
o3,4454896,Preparatoria ITESM Eugenio Garza Lagüera,MX,13088902,01:00:00,hourly,2025-05-17T10:00:00-06:00,False
o3,26171,Swisshelm Park,US,41912,00:15:00,hourly,2020-12-17T23:00:00-05:00,False
o3,8730,Pasadena,US,25474,01:00:00,hourly,2016-11-14T10:00:00-08:00,False
o3,3264887,고성(DMZ),KR,11287555,01:00:00,hourly,2024-11-13T16:00:00+09:00,False
o3,1201,Kennewick-S Steptoe,US,2151,01:00:00,hourly,2016-04-25T15:00:00-07:00,False
o3,2622773,읍내동,KR,8541092,01:00:00,hourly,2024-03-20T08:00:00+09:00,False
o3,2623643,소하동,KR,8543643,01:00:00,hourly,2024-03-20T08:00:00+09:00,False
o3,9802,Houston,US,30645,01:00:00,hourly,2018-07-10T19:00:00-04:00,False
o3,8764,Colusa - Sunrise Blv,US,25557,01:00:00,hourly,2019-04-18T12:00:00-07:00,False
o3,1783,Cedar Bluff,US,3146,01:00:00,hourly,2016-03-06T14:00:00-06:00,False
o3,2622835,대정읍,KR,8538826,01:00:00,hourly,2024-03-20T08:00:00+09:00,False
o3,1712,Trout Lake,US,5077548,01:00:00,hourly,2022-10-04T13:00:00-05:00,False
o3,2623484,무주읍,KR,8538666,01:00:00,hourly,2024-03-20T08:00:00+09:00,False
o3,310107,Escalante,US,1758705,01:00:00,hourly,2022-04-12T14:00:00-06:00,False
o3,1894,Skiatook,US,3355,01:00:00,hourly,2016-05-18T09:00:00-05:00,False
o3,2622936,원북면,KR,8541485,01:00:00,hourly,2024-03-20T08:00:00+09:00,False
o3,2623026,보람동,KR,8538825,01:00:00,hourly,2024-03-20T08:00:00+09:00,False
o3,11533,תחנה:ק.אתא,IL,39141,00:15:00,hourly,2017-08-11T02:00:00+03:00,False
o3,10661,Cuautitlán,MX,35490,01:00:00,hourly,2020-10-15T19:00:00-05:00,False
o3,270702,Bueng Planchai,TH,11862937,01:00:00,hourly,2025-01-01T20:00:00+07:00,False
o3,1661,Tiverton,CA,2948,01:00:00,hourly,2016-03-06T15:00:00-05:00,False
o3,1882,NEA,US,3333,01:00:00,hourly,2016-03-13T00:00:00-05:00,False
o3,8667,Lake Georgetown C690,US,25142,01:00:00,hourly,2020-06-19T11:00:00-05:00,False
o3,669,Millbrook,US,1151,01:00:00,hourly,2016-03-10T03:00:00-05:00,False
o3,2622560,이곡동,KR,8538359,01:00:00,hourly,2024-03-20T08:00:00+09:00,False
o3,1946,Maple Canyon,US,3443,01:00:00,hourly,2016-03-30T14:00:00-04:00,False
o3,1636,MICMAC,US,2890,01:00:00,hourly,2016-03-06T15:00:00-05:00,False
o3,1866,Sparks,US,5077540,01:00:00,hourly,2023-05-06T18:00:00-07:00,False
o3,2219,Dunn Center,US,4004,01:00:00,hourly,2016-03-06T13:00:00-07:00,False
o3,2124,Oak Park,US,3817,01:00:00,hourly,2016-04-04T11:00:00-04:00,False
o3,2959755,Rock Springs Mobile,US,9991914,01:00:00,hourly,2024-07-17T02:00:00-06:00,False
o3,26136,Lincoln Blvd North,US,41597,,unknown,,False
o3,693,Holbrook,US,1984,01:00:00,hourly,2016-03-06T15:00:00-05:00,False
o3,1090,Iztacalco,MX,1950,01:00:00,hourly,2016-03-10T02:00:00-06:00,False
o3,1154,Altoona,US,2072,01:00:00,hourly,2016-03-06T15:00:00-05:00,False
o3,1617,Turner - CJHS,US,2851,01:00:00,hourly,2016-04-29T14:00:00-07:00,False
o3,5835,King City AMS,US,15854,01:00:00,hourly,2016-07-28T17:00:00-07:00,False
o3,1365098,Burlington,CA,6655054,01:00:00,hourly,2023-07-30T15:00:00-04:00,False
o3,1164,Green Valley,US,2093,01:00:00,hourly,2016-03-06T13:00:00-07:00,False
o3,2395611,臺中市 - 大里,TW,7930589,01:00:00,hourly,2024-02-27T05:00:00+08:00,False
o3,1520,Bethel Island,US,2679,01:00:00,hourly,2016-03-06T12:00:00-08:00,False
o3,568,Quaker City,US,997,01:00:00,hourly,2016-03-26T11:00:00-04:00,False
o3,7936,Los Angeles - N. Mai,US,25193,01:00:00,hourly,2017-06-07T15:00:00-07:00,False
o3,7745,Ft. Walton Beach,US,22561,01:00:00,hourly,2020-07-13T16:00:00-05:00,False
o3,2194,Eliza Howell - Near,US,14386,01:00:00,hourly,2016-10-10T17:00:00-04:00,False
o3,26147,Near Penn & Homewood,US,41696,,unknown,,False
o3,9307,Centro Cívico,MX,28298,01:00:00,hourly,2020-10-15T18:00:00-07:00,False
o3,7949,SRNyMA,MX,23046,01:00:00,hourly,2020-10-15T20:00:00-05:00,False
o3,558,Kane Exp. Forest,US,975,01:00:00,hourly,2016-06-09T16:00:00-04:00,False
o3,1478,Fairfield,US,2617,01:00:00,hourly,2016-04-11T07:00:00-07:00,False
o3,2623427,신사우동,KR,8540069,01:00:00,hourly,2024-03-20T08:00:00+09:00,False
o3,8010,SDS01,MX,23293,01:00:00,hourly,2020-10-15T19:00:00-05:00,False
o3,6464,Mountain Creek,AU,18160,01:00:00,hourly,2018-05-10T17:00:00+10:00,False
o3,2622966,대송면,KR,8540148,01:00:00,hourly,2024-03-20T08:00:00+09:00,False
o3,1477476,Tehuacán,MX,6819171,01:00:00,hourly,2023-08-23T13:00:00-06:00,False
o3,268,Oxford,US,451,01:00:00,hourly,2016-03-26T12:00:00-04:00,False
o3,2623610,광활면,KR,8534879,01:00:00,hourly,2024-03-20T08:00:00+09:00,False
o3,2623792,덕충동,KR,8543590,01:00:00,hourly,2024-03-20T08:00:00+09:00,False
o3,2622934,침산동,KR,8544280,01:00:00,hourly,2024-03-20T08:00:00+09:00,False
o3,225435,Steelpoort,ZA,1303548,01:00:00,hourly,2021-04-29T18:00:00+02:00,False
o3,5545,Chulalongkorn Hospital,TH,14630,01:00:00,hourly,2018-03-25T00:00:00+07:00,False
o3,10497,ITD,MX,34825,01:00:00,hourly,2020-10-15T20:00:00-05:00,False
o3,184,Crosby Library C553,US,306,01:00:00,hourly,2016-01-29T19:00:00-06:00,False
o3,2369,"Aranyaprathet, Aranyaprathet",TH,20309,01:00:00,hourly,2019-08-01T08:00:00+07:00,False
o3,2014,Natomas - Goldenland,US,3581,01:00:00,hourly,2016-03-10T00:00:00-08:00,False
o3,2622845,혁신동,KR,8538786,01:00:00,hourly,2024-03-20T08:00:00+09:00,False
o3,6469,Cannon Hill,AU,18183,01:00:00,hourly,2018-05-10T17:00:00+10:00,False
o3,2623582,효성,KR,8548067,01:00:00,hourly,2024-03-20T08:00:00+09:00,False
o3,2939447,Pickle Lake,CA,9908236,01:00:00,hourly,2024-07-10T10:00:00-05:00,False
o3,2623451,전곡,KR,8541194,01:00:00,hourly,2024-03-20T08:00:00+09:00,False
o3,8000,Nezahualcóyotl,MX,35366,01:00:00,hourly,2020-10-15T19:00:00-05:00,False
o3,26128,Hampton,US,41525,00:15:00,hourly,2020-11-02T19:00:00-05:00,False
o3,2622800,금성면,KR,8540265,01:00:00,hourly,2024-03-20T08:00:00+09:00,False
o3,2622701,하양읍,KR,8538393,01:00:00,hourly,2024-03-20T08:00:00+09:00,False
o3,26162,Sewickley,US,41831,00:15:00,hourly,2019-03-01T01:00:00-05:00,False
o3,2623188,홍천읍,KR,8540256,01:00:00,hourly,2024-03-20T08:00:00+09:00,False
o3,228543,"72nd Anniversary King Bhumibol Public Park, Uttaradit",TH,1317099,08:00:00,other (08:00:00),2021-06-24T08:00:00+07:00,False
o3,3309327,Guatemala City,GT,11611528,01:00:00,hourly,2024-12-10T11:00:00-06:00,False
o3,1558,Boulder City,US,2745,01:00:00,hourly,2016-03-06T12:00:00-08:00,False
o3,10714,Campestre,MX,35691,01:00:00,hourly,2020-10-24T02:00:00-05:00,False
o3,1551,Holiday,US,2734,01:00:00,hourly,2016-03-06T15:00:00-05:00,False
o3,1873,South Reno,US,3305,01:00:00,hourly,2016-03-06T12:00:00-08:00,False
o3,8633,Indio - Jackson Stre,US,25060,01:00:00,hourly,2016-11-14T10:00:00-08:00,False
o3,10677,Carvajal - Sevillana,CO,1184391,01:00:00,hourly,2021-02-03T14:00:00-05:00,False
o3,341,St. Marks Wildlife R,US,587,01:00:00,hourly,2016-05-02T08:00:00-04:00,False
o3,6459,Flinders View,AU,18148,01:00:00,hourly,2018-05-10T17:00:00+10:00,False
o3,2220,ROCK_LP,US,4008,01:00:00,hourly,2016-03-06T14:00:00-06:00,False
o3,938279,Millvale,US,5972540,,unknown,,False
o3,938279,Millvale,US,5976919,,unknown,,False
o3,2623174,가흥동,KR,8539998,01:00:00,hourly,2024-03-20T08:00:00+09:00,False
o3,7594,Boulder Reservoir,US,22049,01:00:00,hourly,2016-12-28T08:00:00-07:00,False
o3,2622631,화북동,KR,8539432,01:00:00,hourly,2024-03-20T08:00:00+09:00,False
o3,1241,LAKE GENEVA,US,2231,01:00:00,hourly,2016-04-05T13:00:00-05:00,False
o3,2623487,복운리,KR,8535592,01:00:00,hourly,2024-03-20T08:00:00+09:00,False
o3,9456,Riverton SLAMS,US,28852,01:00:00,hourly,2020-08-19T10:00:00-06:00,False
o3,1023,Paw Park,US,1845,01:00:00,hourly,2016-03-06T15:00:00-05:00,False
o3,236028,Saguenay - Parc Powe,CA,1356944,01:00:00,hourly,2021-09-17T08:00:00-04:00,False
o3,26111,Brighton Heights,US,41371,00:15:00,hourly,2019-03-01T00:15:00-05:00,False
o3,326,Jackson NCORE,US,1972,01:00:00,hourly,2016-03-06T14:00:00-06:00,False
o3,6912,29 Palms,US,5077599,01:00:00,hourly,2022-10-04T11:00:00-07:00,False
o3,225645,National Housing Authority Bangplee,TH,1304224,08:00:00,other (08:00:00),2021-04-30T02:00:00+07:00,False
o3,218434,Instituto Tecnológico de Villahermosa,MX,1180273,01:00:00,hourly,2021-01-25T11:00:00-06:00,False
o3,938279,Millvale,US,5790372,,unknown,,False
o3,328,Linville Falls,US,557,01:00:00,hourly,2016-04-01T08:00:00-04:00,False
o3,738,Canyonlands NP,US,1275,01:00:00,hourly,2016-03-06T13:00:00-07:00,False
o3,355533,Dilokong,ZA,2016119,01:00:00,hourly,2022-07-27T03:00:00+02:00,False
o3,8416,Tranquillity,US,24435,01:00:00,hourly,2016-08-05T12:00:00-07:00,False
o3,1075,16th and Whitmore,US,1927,01:00:00,hourly,2016-04-05T08:00:00-05:00,False
o3,2623685,수창동,KR,8538587,01:00:00,hourly,2024-03-20T08:00:00+09:00,False
o3,8875,Anaheim,US,25900,01:00:00,hourly,2016-11-14T10:00:00-08:00,False
o3,1339,York,US,2409,01:00:00,hourly,2016-03-06T15:00:00-05:00,False
o3,6207772,감물면,KR,15209000,01:00:00,hourly,2026-01-20T10:00:00+09:00,False
o3,1790,Meraux,US,3156,01:00:00,hourly,2016-03-06T14:00:00-06:00,False
o3,5523,Wynnum,AU,14559,01:00:00,hourly,2017-02-19T06:00:00+10:00,False
o3,2176,Enumclaw Mud Mt (SO),US,3912,01:00:00,hourly,2016-06-09T15:00:00-07:00,False
o3,1505,Villa de las Flores,MX,2661,01:00:00,hourly,2016-03-16T12:00:00-06:00,False
o3,8802,Salinas AMS,US,25662,01:00:00,hourly,2019-08-12T08:00:00-07:00,False
o3,2172,Dawsonville,US,3908,01:00:00,hourly,2016-03-06T15:00:00-05:00,False
o3,2226,Dutchtown,US,4018,01:00:00,hourly,2016-03-11T10:00:00-06:00,False
o3,2622905,아주동,KR,8540098,01:00:00,hourly,2024-03-20T08:00:00+09:00,False
o3,2623784,봉동읍,KR,8541250,01:00:00,hourly,2024-03-20T08:00:00+09:00,False
o3,2844257,Frelighsburg Site B,CA,9201156,01:00:00,hourly,2024-05-12T12:00:00-04:00,False
o3,1901,NLRAP,US,3363,01:00:00,hourly,2016-03-06T14:00:00-06:00,False
o3,2622837,중구,KR,8545916,01:00:00,hourly,2024-03-20T08:00:00+09:00,False
o3,2623418,보성읍,KR,8539900,01:00:00,hourly,2024-03-20T08:00:00+09:00,False
o3,8031,Centro,MX,23308,01:00:00,hourly,2020-06-18T16:00:00-05:00,False
o3,1744,Marine on St. Croix,US,3078,01:00:00,hourly,2016-03-16T07:00:00-05:00,False
o3,2623444,교문동,KR,8542099,01:00:00,hourly,2024-03-20T11:00:00+09:00,False
o3,715,Mammoth Cave NP,US,3030,01:00:00,hourly,2016-03-06T14:00:00-06:00,False
o3,9622,Laboratorio,MX,29699,01:00:00,hourly,2020-10-15T18:00:00-07:00,False
o3,267,Arendtsville,US,450,01:00:00,hourly,2016-03-25T09:00:00-04:00,False
o3,2622814,서천읍,KR,8540481,01:00:00,hourly,2024-03-20T08:00:00+09:00,False
o3,26133,Jefferson Hills NE,US,41570,00:15:00,hourly,2019-03-01T01:00:00-05:00,False
o3,504,Fort Saskatchewan,CA,864,01:00:00,hourly,2016-03-10T01:00:00-07:00,False
o3,2328,"Natural Resources and Environment Office, Chiangrai",TH,4656,01:00:00,hourly,2016-01-30T08:00:00+07:00,False
o3,1579,VAFB South Base,US,2779,01:00:00,hourly,2016-03-06T12:00:00-08:00,False
o3,617545,Lancaster-Fairground,US,3411883,01:00:00,hourly,2023-03-18T19:00:00-07:00,False
o3,601,Mesa Verde NP,US,1055,01:00:00,hourly,2016-03-06T13:00:00-07:00,False
o3,2623050,남산1동,KR,8539076,01:00:00,hourly,2024-03-20T08:00:00+09:00,False
o3,920999,Soddy Daisy,US,5077665,01:00:00,hourly,2023-05-08T12:00:00-04:00,False
o3,438,Blackwater NWR,US,758,01:00:00,hourly,2016-06-09T16:00:00-04:00,False
o3,2622849,길상,KR,8538832,01:00:00,hourly,2024-03-20T09:00:00+09:00,False
o3,360,Patricia McInnes,CA,751,01:00:00,hourly,2016-03-10T01:00:00-07:00,False
o3,5253585,우동,KR,13730968,01:00:00,hourly,2025-07-30T09:00:00+09:00,False
o3,1436,Leslie,US,2558,01:00:00,hourly,2016-03-06T15:00:00-05:00,False
o3,2623480,이현동,KR,8542190,01:00:00,hourly,2024-03-20T08:00:00+09:00,False
o3,274,Reading Airport,US,4082,01:00:00,hourly,2016-03-06T15:00:00-05:00,False
o3,236024,Brossard - Parc Sorb,CA,1356920,01:00:00,hourly,2021-09-17T08:00:00-04:00,False
o3,1163,Appleton AAL,US,2089,01:00:00,hourly,2016-04-05T13:00:00-05:00,False
o3,1659,Tlalnepantla,MX,2939,01:00:00,hourly,2016-03-10T02:00:00-06:00,False
o3,1018,Parry Sound,CA,5077629,01:00:00,hourly,2022-10-04T14:00:00-04:00,False
o3,9759,UAM Xochimilco,MX,36108,01:00:00,hourly,2020-10-15T20:00:00-05:00,False
o3,936,District 6,US,1710,01:00:00,hourly,2016-03-31T13:00:00-04:00,False
o3,218375,CESPM,MX,1285420,01:00:00,hourly,2021-02-19T13:00:00-08:00,False
o3,1540,Blaine,US,2714,01:00:00,hourly,2016-03-06T14:00:00-06:00,False
o3,9040,Foley West,US,26730,01:00:00,hourly,2017-03-01T07:00:00-06:00,False
o3,1838701,PTE,MX,7402753,01:00:00,hourly,2023-11-13T12:00:00-06:00,False
o3,1763,StJohns,US,3111,01:00:00,hourly,2016-03-06T13:00:00-07:00,False
o3,2622944,조천읍,KR,8541547,01:00:00,hourly,2024-03-20T08:00:00+09:00,False
o3,3887,高雄市 - 仁武,TW,8901,01:00:00,hourly,2016-12-21T03:00:00+08:00,False
o3,1254,LEWISPOR,US,2252,01:00:00,hourly,2016-03-06T15:00:00-06:00,False
o3,229728,"Kamalnath Nagar, Bettiah - BSPCB",IN,1323079,01:00:00,hourly,2021-07-18T03:30:00+05:30,False
o3,230803,Chicken Farm,ZA,1328978,01:00:00,hourly,2021-08-02T23:00:00+02:00,False
o3,2622805,이원면,KR,8534112,01:00:00,hourly,2024-03-20T08:00:00+09:00,False
o3,6345665,Harrison Township,US,16234533,01:00:00,hourly,2026-05-11T09:00:00-04:00,False
o3,939,SUMMIT,US,1713,01:00:00,hourly,2016-03-06T15:00:00-05:00,False
o3,5243564,용호동,KR,13723509,01:00:00,hourly,2025-07-29T12:00:00+09:00,False
o3,2623329,곡성읍,KR,8542828,01:00:00,hourly,2024-03-20T08:00:00+09:00,False
o3,1232,Abbotsford,CA,2212,01:00:00,hourly,2016-03-06T12:00:00-08:00,False
o3,2079,SETRPC 43 Jefferson,US,3703,01:00:00,hourly,2016-03-06T14:00:00-06:00,False
o3,900,Colusa - Sunrise Blv,US,1644,01:00:00,hourly,2016-03-06T12:00:00-08:00,False
o3,225453,Booysens,ZA,1347133,01:00:00,hourly,2021-08-31T03:00:00+02:00,False
o3,315,Hope,US,528,01:00:00,hourly,2016-04-01T04:00:00-04:00,False
o3,2082,SEAFORD,US,3711,01:00:00,hourly,2016-03-10T03:00:00-05:00,False
o3,3531458,Ajusco,MX,12337069,01:00:00,hourly,2025-02-27T11:00:00-06:00,False
o3,938279,Millvale,US,5974240,,unknown,,False
o3,4999,תחנה:ניידת6,IL,12930,00:15:00,hourly,2017-08-11T02:00:00+03:00,False
o3,7083,Flax Pond,US,20493,01:00:00,hourly,2018-09-06T12:00:00-04:00,False
o3,2622569,금왕,KR,8541239,01:00:00,hourly,2024-03-20T08:00:00+09:00,False
o3,1430,BUTLER MANUF. CO NEA,US,2550,01:00:00,hourly,2016-03-06T15:00:00-05:00,False
o3,655,Auburn,US,1135,01:00:00,hourly,2016-03-11T08:00:00-08:00,False
o3,225646,Provincial Waterworks Authority Mae Moh,TH,1304046,08:00:00,other (08:00:00),2021-04-30T02:00:00+07:00,False
o3,1275798,Peterborough,CA,6571223,01:00:00,hourly,2023-07-18T11:00:00-04:00,False
o3,5717369,Universidad Tecnológica de Puebla,MX,14577023,01:00:00,hourly,2025-11-05T12:00:00-06:00,False
o3,270709,REST - LESTER BUILDI,US,1561956,01:00:00,hourly,2021-11-16T12:00:00-05:00,False
o3,1678,CROUSE,US,2969,01:00:00,hourly,2016-03-30T02:00:00-04:00,False
o3,867,Paso Robles - Santa,US,1571,01:00:00,hourly,2016-03-06T12:00:00-08:00,False
o3,1777598,Clínica de Nutrición,MX,7326920,01:00:00,hourly,2023-10-29T13:00:00-06:00,False
o3,2622987,백석읍,KR,8539668,01:00:00,hourly,2024-03-20T08:00:00+09:00,False
o3,2033,Saginaw - Delight Va,US,3612,01:00:00,hourly,2016-05-06T08:00:00-07:00,False
o3,2623557,광진구,KR,8540271,01:00:00,hourly,2024-03-20T08:00:00+09:00,False
o3,1210340,Guelph,CA,6508299,01:00:00,hourly,2023-07-12T14:00:00-04:00,False
o3,226626,Aspen Pumphouse,US,1308712,01:00:00,hourly,2021-05-18T10:00:00-06:00,False
o3,2623223,안계면(교외),KR,8546886,01:00:00,hourly,2024-03-20T19:00:00+09:00,False
o3,982,Chapais,CA,5077810,01:00:00,hourly,2022-10-04T14:00:00-04:00,False
o3,2623162,소룡동2,KR,8541133,01:00:00,hourly,2024-03-20T08:00:00+09:00,False
o3,222284,Tultitlán,MX,1290541,01:00:00,hourly,2021-03-11T01:00:00-06:00,False
o3,2623065,회동동,KR,8542030,01:00:00,hourly,2024-03-20T08:00:00+09:00,False
o3,442,North Phoenix,US,763,01:00:00,hourly,2016-03-10T01:00:00-07:00,False
o3,2289,HUACHIPA,PE,16739,01:00:00,hourly,2018-02-17T20:00:00-05:00,False
o3,26106,Beechview,US,41326,,unknown,,False
o3,8415,Dhaka,BD,7464180,01:00:00,hourly,2023-11-27T15:00:00+06:00,False
o3,938279,Millvale,US,5830321,,unknown,,False
o3,3894,屏東縣 - 潮州,TW,8952,01:00:00,hourly,2016-12-21T03:00:00+08:00,False
o3,602,Chullora,AU,1056,04:00:00,other (04:00:00),2016-04-10T06:00:00+10:00,False
o3,11339,תחנה:כרמליה,IL,38374,00:15:00,hourly,2017-08-11T02:00:00+03:00,False
o3,480398,Bomberos y Protección Civil Municipal,MX,2694041,01:00:00,hourly,2023-01-09T14:00:00-06:00,False
o3,2245,PECK,US,5077705,01:00:00,hourly,2023-05-06T20:00:00-05:00,False
o3,223,Gary-IITRI,US,2182,01:00:00,hourly,2016-04-01T03:00:00-05:00,False
o3,2623552,호암동,KR,8534543,01:00:00,hourly,2024-03-20T08:00:00+09:00,False
o3,4219738,Sept-Îles,CA,12901011,01:00:00,hourly,2025-04-29T11:00:00-04:00,False
o3,2623348,영양군,KR,8539452,01:00:00,hourly,2024-03-20T08:00:00+09:00,False
o3,10739,Tecnológico de Tepic,MX,35793,01:00:00,hourly,2020-10-15T19:00:00-06:00,False
o3,886,Placerville,US,1612,01:00:00,hourly,2016-03-06T12:00:00-08:00,False
o3,8568,Garrison Arena,US,24897,01:00:00,hourly,2020-03-04T14:00:00-05:00,False
o3,3858,Annan,TW,8739,01:00:00,hourly,2016-12-21T03:00:00+08:00,False
o3,289762,Sisaket City Hall,TH,1650118,08:00:00,other (08:00:00),2022-02-17T12:00:00+07:00,False
o3,2623395,계화면,KR,8540443,01:00:00,hourly,2024-03-20T08:00:00+09:00,False
o3,8838,Simi Valley - Cochra,US,5077748,01:00:00,hourly,2022-10-04T11:00:00-07:00,False
o3,2395615,臺南市 - 善化,TW,7930507,01:00:00,hourly,2024-02-27T05:00:00+08:00,False
o3,1166,Greeley - Weld Co. T,US,2095,01:00:00,hourly,2016-03-06T13:00:00-07:00,False
o3,8591,El Cajon - Lexington,US,24961,01:00:00,hourly,2016-08-14T10:00:00-07:00,False
o3,1307,G. T. Bray Park,US,2357,01:00:00,hourly,2016-03-06T15:00:00-05:00,False
o3,2622697,진안읍,KR,8538358,01:00:00,hourly,2024-03-20T09:00:00+09:00,False
o3,11535,תחנה:שכון ל,IL,39183,00:15:00,hourly,2017-08-11T02:00:00+03:00,False
o3,665678,North HS,US,3659750,01:00:00,hourly,2022-10-04T14:00:00-04:00,False
o3,1852,Choctaw,US,3272,01:00:00,hourly,2016-03-06T14:00:00-06:00,False
o3,235224,Josefa Vergara,MX,1352650,01:00:00,hourly,2021-09-07T16:00:00-05:00,False
o3,2623240,웅남동,KR,8539670,01:00:00,hourly,2024-03-20T08:00:00+09:00,False
o3,3341075,송학면,KR,11830681,01:00:00,hourly,2024-12-30T01:00:00+09:00,False
o3,2623002,지정면,KR,8537431,01:00:00,hourly,2024-03-20T08:00:00+09:00,False
o3,10644,Industriales Potosinos Asociados,MX,35398,01:00:00,hourly,2020-10-15T20:00:00-05:00,False
o3,2623775,우현동,KR,8539779,01:00:00,hourly,2024-03-20T08:00:00+09:00,False
o3,8632,Incline,US,25059,01:00:00,hourly,2017-10-19T14:00:00-07:00,False
o3,2623375,여산면,KR,8540464,01:00:00,hourly,2024-03-20T08:00:00+09:00,False
o3,2622677,석남,KR,8542864,01:00:00,hourly,2024-03-20T08:00:00+09:00,False
o3,225648,"Natural Resources and Environment Office, Mae Hongson",TH,1304079,08:00:00,other (08:00:00),2021-04-30T02:00:00+07:00,False
o3,1841,Mt. Washington base,US,3255,01:00:00,hourly,2016-04-15T12:00:00-04:00,False
o3,2140,Detroit-E7 Mile,US,3847,01:00:00,hourly,2016-04-04T11:00:00-04:00,False
o3,2623569,보덕동,KR,8538693,01:00:00,hourly,2024-03-20T08:00:00+09:00,False
o3,1699,Madisonville,US,3004,01:00:00,hourly,2016-03-06T14:00:00-06:00,False
o3,2623720,고잔,KR,8545246,01:00:00,hourly,2024-03-20T08:00:00+09:00,False
o3,755,Mount Pearl,CA,1355,01:00:00,hourly,2016-03-06T16:30:00-03:30,False
o3,1904,Clemmons Middle,US,3367,01:00:00,hourly,2016-03-31T09:00:00-04:00,False
o3,8770,Coffeeville,US,25577,01:00:00,hourly,2016-08-28T09:00:00-05:00,False
o3,1684,Heritage Park,US,2979,01:00:00,hourly,2016-03-06T14:00:00-06:00,False
o3,2622823,무거동,KR,8540079,01:00:00,hourly,2024-03-20T08:00:00+09:00,False
o3,6176539,Pennyrile Forest,US,15538173,01:00:00,hourly,2026-02-24T12:00:00-06:00,False
o3,225399,Mokopane,ZA,1303460,01:00:00,hourly,2021-04-29T20:00:00+02:00,False
o3,230816,Eskom-Chicken Farm,ZA,1328943,01:00:00,hourly,2021-08-02T23:00:00+02:00,False
o3,2822038,St-Joseph-de-Sorel -,CA,9075749,01:00:00,hourly,2024-05-03T15:00:00-04:00,False
o3,2221,ROCK_IS,US,4009,01:00:00,hourly,2016-03-06T14:00:00-06:00,False
o3,339,Waco C1037,US,2583,01:00:00,hourly,2016-03-06T14:00:00-06:00,False
o3,6320426,Palm Springs,US,16049055,01:00:00,hourly,2026-04-23T16:00:00-07:00,False
o3,2623563,신촌로,KR,8538515,01:00:00,hourly,2024-03-20T08:00:00+09:00,False
o3,2161,Danbury,US,3883,01:00:00,hourly,2016-03-06T15:00:00-05:00,False
o3,2873228,Searchmont,CA,9417608,01:00:00,hourly,2024-05-28T16:00:00-04:00,False
o3,10710,San Nicolás,MX,1286358,01:00:00,hourly,2021-02-23T12:00:00-06:00,False
o3,1509,Beloit-Converse,US,2665,01:00:00,hourly,2016-04-05T13:00:00-05:00,False
o3,2415,CAMPO DE MARTE,PE,22872,01:00:00,hourly,2018-02-17T20:00:00-05:00,False
o3,2623172,송내대로(중동),KR,8538479,01:00:00,hourly,2024-03-20T09:00:00+09:00,False
o3,1779,Melbourne,US,3139,01:00:00,hourly,2016-03-06T15:00:00-05:00,False
o3,2242,PARR,US,4045,01:00:00,hourly,2016-03-06T14:00:00-06:00,False
o3,1907,Sikes Elementary Sch,US,3374,01:00:00,hourly,2016-03-06T15:00:00-05:00,False
o3,2052605,PARR,US,7641980,01:00:00,hourly,2024-01-03T15:00:00-06:00,False
o3,1890,Newport,US,3343,01:00:00,hourly,2016-04-05T13:00:00-05:00,False
o3,36361,NRP,US,5077602,01:00:00,hourly,2022-10-04T11:00:00-07:00,False
o3,203,Katy Park C559,US,344,01:00:00,hourly,2016-01-29T19:00:00-06:00,False
o3,11495,תחנה:שדה יואב,IL,39022,00:15:00,hourly,2017-08-11T02:00:00+03:00,False
o3,1390,Fond du Lac,US,2490,01:00:00,hourly,2016-03-06T14:00:00-06:00,False
o3,748,CHARLOTTETOWN,CA,1334,01:00:00,hourly,2016-03-06T16:00:00-04:00,False
o3,1671,MONTG,US,2960,01:00:00,hourly,2016-03-06T14:00:00-06:00,False
o3,2622600,서창,KR,8541991,01:00:00,hourly,2024-03-20T08:00:00+09:00,False
o3,7710,Apex,US,22432,01:00:00,hourly,2018-03-21T20:00:00-07:00,False
o3,10718,Pingzhen,TW,35716,01:00:00,hourly,2017-12-22T18:00:00+08:00,False
o3,34948,Lynn,US,225731,01:00:00,hourly,2020-12-23T15:00:00-05:00,False
o3,2622881,상리,KR,8538549,01:00:00,hourly,2024-03-20T08:00:00+09:00,False
o3,1666,Hesperia - Olive Str,US,2955,01:00:00,hourly,2016-03-06T12:00:00-08:00,False
o3,2623722,중앙대로(고잔동),KR,12667625,01:00:00,hourly,2025-04-03T17:00:00+09:00,False
o3,10490,Ciudad Bolivar,CO,1184634,01:00:00,hourly,2021-02-04T10:00:00-05:00,False
o3,480392,Epigmenio González,MX,2694042,01:00:00,hourly,2023-01-09T14:00:00-06:00,False
o3,2588329,Red Lake Nation DNR,US,8458362,01:00:00,hourly,2024-03-12T11:00:00-05:00,False
o3,10748,Merced,MX,35860,01:00:00,hourly,2020-10-15T19:00:00-05:00,False
o3,8746,Prescott Pioneer Par,US,25512,01:00:00,hourly,2017-02-15T18:00:00-07:00,False
o3,2623138,문경시,KR,8541521,01:00:00,hourly,2024-03-20T08:00:00+09:00,False
o3,254,WEST ALTON,US,427,01:00:00,hourly,2016-03-06T14:00:00-06:00,False
o3,798,"Din Daeng Rd., Din Daeng",TH,1392,01:00:00,hourly,2016-01-30T08:00:00+07:00,False
o3,1989,Santa Clarita,US,3524,01:00:00,hourly,2016-03-06T12:00:00-08:00,False
o3,1564,Long Beach - Hudson,US,2754,01:00:00,hourly,2016-03-06T12:00:00-08:00,False
o3,3017494,Heber,US,10269449,01:00:00,hourly,2024-08-13T10:00:00-06:00,False
o3,1275803,Toronto East,CA,6571232,01:00:00,hourly,2023-07-18T11:00:00-04:00,False
o3,1681,Thousand Oaks - Moor,US,2976,01:00:00,hourly,2016-03-06T12:00:00-08:00,False
o3,2053,Newnan,US,3651,01:00:00,hourly,2016-03-06T15:00:00-05:00,False
o3,938279,Millvale,US,5964715,,unknown,,False
o3,225506,Motherwell,ZA,1303716,01:00:00,hourly,2021-04-29T19:00:00+02:00,False
o3,3888,Chiayi,TW,8907,01:00:00,hourly,2016-12-21T03:00:00+08:00,False
o3,9745,7004,US,30397,01:00:00,hourly,2017-12-19T22:00:00-07:00,False
o3,32418,Ojai - Ojai Ave.,US,5077890,01:00:00,hourly,2023-05-09T08:00:00-07:00,False
o3,26098,ACHD Lincoln Collocation,US,41253,,unknown,,False
o3,2257,PIKE2001,US,4063,01:00:00,hourly,2016-03-06T15:00:00-05:00,False
o3,8109,Agua Santa,MX,34875,01:00:00,hourly,2020-10-15T20:00:00-05:00,False
o3,2622788,고창읍,KR,8541118,01:00:00,hourly,2024-03-20T08:00:00+09:00,False
o3,26663,Downtown Sacramento,US,8993687,01:00:00,hourly,2024-04-25T19:00:00-07:00,False
o3,2192,Osceola National For,US,3948,01:00:00,hourly,2016-03-06T15:00:00-05:00,False
o3,2375,Bodindecha Sing Singhaseni School,TH,4450,01:00:00,hourly,2016-01-30T09:00:00+07:00,False
o3,2395594,嘉義市 - 嘉義,TW,7930525,01:00:00,hourly,2024-02-27T05:00:00+08:00,False
o3,8797,Carmel Valley AMS,US,25648,01:00:00,hourly,2019-08-12T08:00:00-07:00,False
o3,1858,Springfield Well Fd,US,5077590,01:00:00,hourly,2022-10-04T14:00:00-04:00,False
o3,2054,Nezahualcóyotl,MX,3655,01:00:00,hourly,2016-03-10T02:00:00-06:00,False
o3,1739,Camarones,MX,3065,01:00:00,hourly,2016-03-10T02:00:00-06:00,False
o3,1613,MARTINSBURG,US,2844,01:00:00,hourly,2016-04-01T07:00:00-04:00,False
o3,981,Columbus Airport,US,1776,01:00:00,hourly,2016-03-06T15:00:00-05:00,False
o3,2622608,도산대로,KR,8540351,01:00:00,hourly,2024-03-20T08:00:00+09:00,False
o3,1400,Foley,US,2504,01:00:00,hourly,2016-03-06T14:00:00-06:00,False
o3,2099,Cruz roja,MX,3774,01:00:00,hourly,2016-03-06T14:00:00-06:00,False
o3,976,Evansville-Buena Vis,US,5077621,01:00:00,hourly,2023-05-06T20:00:00-05:00,False
o3,2622768,애월읍,KR,8539768,01:00:00,hourly,2024-03-20T08:00:00+09:00,False
o3,26118,Convention Center,US,41435,00:15:00,hourly,2019-03-01T01:00:00-05:00,False
o3,2622912,강구면,KR,8540224,01:00:00,hourly,2024-03-20T08:00:00+09:00,False
o3,1275796,North Bay,CA,6571225,01:00:00,hourly,2023-07-18T11:00:00-04:00,False
o3,1360,York,US,2439,01:00:00,hourly,2016-03-06T15:00:00-05:00,False
o3,1393,Whitestown,US,2496,01:00:00,hourly,2016-04-01T04:00:00-04:00,False
o3,1532,Valparaiso,US,2697,01:00:00,hourly,2016-04-01T03:00:00-05:00,False
o3,2622733,서변동,KR,8544308,01:00:00,hourly,2024-03-20T08:00:00+09:00,False
o3,10658,Pedregal,MX,35476,01:00:00,hourly,2020-10-15T20:00:00-05:00,False
o3,1891,Smithers St Josephs,CA,3350,01:00:00,hourly,2016-03-06T12:00:00-08:00,False
o3,2622633,일동면,KR,8539624,01:00:00,hourly,2024-03-20T09:00:00+09:00,False
o3,225625,"City Hall, Satun",TH,1304202,08:00:00,other (08:00:00),2021-04-30T02:00:00+07:00,False
o3,2622897,화명동,KR,8545262,01:00:00,hourly,2024-03-20T08:00:00+09:00,False
o3,11548,תחנה:אחיסמך,IL,39194,00:15:00,hourly,2017-08-11T02:00:00+03:00,False
o3,225686,Highway NO.3902 km.13 +600,TH,1304367,08:00:00,other (08:00:00),2021-04-30T02:00:00+07:00,False
o3,1928,Colerain,US,3406,01:00:00,hourly,2016-03-30T14:00:00-04:00,False
o3,858,Lima,US,1539,01:00:00,hourly,2016-03-30T14:00:00-04:00,False
o3,2623426,강남구,KR,8541308,01:00:00,hourly,2024-03-20T08:00:00+09:00,False
o3,1409,Blair Street,US,2518,01:00:00,hourly,2016-03-06T14:00:00-06:00,False
o3,2002,San Rafael,US,3554,01:00:00,hourly,2016-03-06T12:00:00-08:00,False
o3,1594,Brunswick,US,2807,01:00:00,hourly,2016-03-06T15:00:00-05:00,False
o3,3851,屏東縣 - 屏東,TW,8834,01:00:00,hourly,2016-12-21T03:00:00+08:00,False
o3,1326,Azusa,US,2391,01:00:00,hourly,2016-03-06T12:00:00-08:00,False
o3,2036,New Albany,US,3617,01:00:00,hourly,2016-03-30T14:00:00-04:00,False
o3,231,Lucerne Valley,US,7941720,01:00:00,hourly,2024-02-27T17:00:00-08:00,False
o3,2395618,臺南市 - 臺南（麻豆）,TW,7930488,01:00:00,hourly,2024-02-27T05:00:00+08:00,False
o3,4864522,부평,KR,13433811,01:00:00,hourly,2025-06-26T17:00:00+09:00,False
o3,1019,Pasadena,US,1837,01:00:00,hourly,2016-03-06T12:00:00-08:00,False
o3,1881,NCORE - Bishop,US,25277,01:00:00,hourly,2017-05-16T14:00:00-07:00,False
o3,468,La Patrie - Ditton,CA,810,01:00:00,hourly,2016-03-10T03:00:00-05:00,False
o3,517,West Chandler Fire S,US,896,01:00:00,hourly,2016-03-10T01:00:00-07:00,False
o3,30692,Blair Street,US,225766,01:00:00,hourly,2020-12-19T07:00:00-06:00,False
o3,1977,Santa Ynez,US,3499,01:00:00,hourly,2016-03-06T12:00:00-08:00,False
o3,1785688,Amnat Charoen Municipality,TH,7338552,01:00:00,hourly,2023-11-01T23:00:00+07:00,False
o3,2623786,화산리,KR,8539687,01:00:00,hourly,2024-03-20T08:00:00+09:00,False
o3,315278,Popham Beach SP,US,1788511,01:00:00,hourly,2022-04-20T12:00:00-04:00,False
o3,2622841,대신동,KR,8540008,01:00:00,hourly,2024-03-20T08:00:00+09:00,False
o3,2623534,향촌동,KR,8542242,01:00:00,hourly,2024-03-20T08:00:00+09:00,False
o3,871,Santa Barbara,US,1576,01:00:00,hourly,2016-03-06T12:00:00-08:00,False
o3,222,Terre Haute-Lafayett,US,2992,01:00:00,hourly,2016-04-01T04:00:00-04:00,False
o3,225425,eMalahleni - SAWS,ZA,1303437,01:00:00,hourly,2021-04-29T20:00:00+02:00,False
o3,1934,Sedgwick,US,3418,01:00:00,hourly,2016-03-06T14:00:00-06:00,False
o3,9573,CROUSE,US,29447,01:00:00,hourly,2019-08-12T13:00:00-04:00,False
o3,10534,Centro de Ciencias de la Atmósfera,MX,34943,01:00:00,hourly,2020-10-15T19:00:00-05:00,False
o3,8672,Lebanon,US,25156,01:00:00,hourly,2017-01-18T13:00:00-05:00,False
o3,2243,PASCAGOULA,US,4048,01:00:00,hourly,2016-03-06T14:00:00-06:00,False
o3,1355,Cocoa Beach,US,2429,01:00:00,hourly,2016-03-06T15:00:00-05:00,False
o3,501,Alhambra,US,860,01:00:00,hourly,2016-06-09T15:00:00-05:00,False
o3,1745,Marshall,US,3079,01:00:00,hourly,2016-03-17T17:00:00-05:00,False
o3,10501,Guaymaral,CO,1184405,01:00:00,hourly,2021-02-03T14:00:00-05:00,False
o3,935,Athens,US,2341,01:00:00,hourly,2016-03-06T15:00:00-05:00,False
o3,2623346,영등포로,KR,8539054,01:00:00,hourly,2024-03-20T08:00:00+09:00,False
o3,572,Duncan,CA,1007,01:00:00,hourly,2016-03-10T03:00:00-05:00,False
o3,7425,Parramatta North,AU,25470,01:00:00,hourly,2018-01-24T12:00:00+11:00,False
o3,10765,RO0193A,RO,1562261,,unknown,,False
o3,641,Mt Ninham,US,1119,01:00:00,hourly,2016-03-10T03:00:00-05:00,False
o3,225440,Ermelo-NAQI,ZA,1303485,01:00:00,hourly,2021-04-29T20:00:00+02:00,False
o3,270741,Hannover,US,1562107,01:00:00,hourly,2021-12-02T09:00:00-06:00,False
o3,1274946,Oakville,CA,6571230,01:00:00,hourly,2023-07-18T11:00:00-04:00,False
o3,512,Sleeping Giant,US,882,01:00:00,hourly,2016-03-10T01:00:00-07:00,False
o3,1159,Greenville C1006/198,US,2082,01:00:00,hourly,2016-03-06T14:00:00-06:00,False
o3,1148,Kewaunee,US,2059,01:00:00,hourly,2016-04-05T13:00:00-05:00,False
o3,2623266,거창읍,KR,8539175,01:00:00,hourly,2024-03-20T08:00:00+09:00,False
o3,45134,Las Pintas,MX,251908,01:00:00,hourly,2021-01-05T11:00:00-06:00,False
o3,2042,State College,US,3632,01:00:00,hourly,2016-03-06T15:00:00-05:00,False
o3,746,MONCTON,CA,1357,01:00:00,hourly,2016-03-06T16:00:00-04:00,False
o3,1722,TARRANT,US,3041,01:00:00,hourly,2016-03-06T14:00:00-06:00,False
o3,966,NKU,US,5077688,01:00:00,hourly,2022-10-04T14:00:00-04:00,False
o3,40438,Downtown Sacramento,US,5087817,01:00:00,hourly,2022-10-04T11:00:00-07:00,False
o3,2622929,서신면,KR,8535618,01:00:00,hourly,2024-03-20T08:00:00+09:00,False
o3,7951,UANL,MX,852471,01:00:00,hourly,2021-01-19T13:00:00-06:00,False
o3,230089,Cranbrook Muriel Bax,CA,1325040,01:00:00,hourly,2021-07-23T08:00:00-06:00,False
o3,2623619,진천읍,KR,8539811,01:00:00,hourly,2024-03-20T09:00:00+09:00,False
o3,2623122,온의동,KR,8538638,01:00:00,hourly,2024-03-20T08:00:00+09:00,False
o3,235230,Iztacalco,MX,1352677,01:00:00,hourly,2021-09-07T16:00:00-05:00,False
o3,1586,Bristol,US,2795,01:00:00,hourly,2016-04-01T04:00:00-04:00,False
o3,2623011,문창동,KR,8536777,01:00:00,hourly,2024-03-20T08:00:00+09:00,False
o3,11539,תחנה:נ.שאנן,IL,39248,00:15:00,hourly,2017-08-11T02:00:00+03:00,False
o3,3531457,Acolman,MX,12337061,01:00:00,hourly,2025-02-27T11:00:00-06:00,False
o3,8768,Reno4,US,25570,01:00:00,hourly,2020-03-03T14:00:00-08:00,False
o3,8690,MacPherson Avenue -,CA,5077537,01:00:00,hourly,2023-05-06T23:00:00-02:30,False
o3,2006,FES Aragon,MX,5077701,01:00:00,hourly,2022-10-04T13:00:00-05:00,False
o3,225612,Bansomdejchaopraya Rajabhat University,TH,1304151,08:00:00,other (08:00:00),2021-04-30T02:00:00+07:00,False
o3,8427,Freels,US,24472,01:00:00,hourly,2017-03-13T00:00:00-04:00,False
o3,2048,DEER,US,3646,01:00:00,hourly,2016-03-06T14:00:00-06:00,False
o3,224316,Milwaukee-UWM UPark,US,1298541,01:00:00,hourly,2021-04-12T08:00:00-05:00,False
o3,236023,Québec - Collège St-,CA,1356916,01:00:00,hourly,2021-09-17T08:00:00-04:00,False
o3,548,Grass Valley,US,1115,01:00:00,hourly,2016-03-11T10:00:00-08:00,False
o3,230813,Thbelihle,ZA,1328960,01:00:00,hourly,2021-08-02T23:00:00+02:00,False
o3,2622745,경안동,KR,8534836,01:00:00,hourly,2024-03-20T08:00:00+09:00,False
o3,841,Perdue,US,1494,01:00:00,hourly,2016-03-06T15:00:00-05:00,False
o3,2622917,종로,KR,8536413,01:00:00,hourly,2024-03-20T08:00:00+09:00,False
o3,1483,Bar Harbor - Cadilla,US,2624,01:00:00,hourly,2016-03-06T15:00:00-05:00,False
o3,1500,Beaumont C2/C112,US,2650,01:00:00,hourly,2016-03-06T14:00:00-06:00,False
o3,1817,Mojave NPr,US,3218,01:00:00,hourly,2016-04-28T19:00:00-07:00,False
o3,927942,Centro,MX,5116104,01:00:00,hourly,2023-05-18T15:00:00-06:00,False
o3,701,Sukhothai Thammathirat Open University,TH,1263,01:00:00,hourly,2016-01-30T09:00:00+07:00,False
o3,1191,Golden - NREL - 2054,US,2138,01:00:00,hourly,2016-03-06T13:00:00-07:00,False
o3,1664,CLEVELAND,US,2950,01:00:00,hourly,2016-03-06T14:00:00-06:00,False
o3,1294,Lake Jackson C1016,US,2320,01:00:00,hourly,2016-03-06T14:00:00-06:00,False
o3,27536,NCORE - Bishop,US,225752,01:00:00,hourly,2020-12-19T05:00:00-08:00,False
o3,647,Holtsville,US,1126,01:00:00,hourly,2016-03-10T03:00:00-05:00,False
o3,1188,Goldsby,US,2132,01:00:00,hourly,2016-03-06T14:00:00-06:00,False
o3,166,UH Moody Tower C695,US,276,01:00:00,hourly,2016-01-29T21:00:00-06:00,False
o3,7801,Hiawatha,US,22654,01:00:00,hourly,2017-04-20T07:00:00-06:00,False
o3,2623331,남상면,KR,8538807,01:00:00,hourly,2024-03-20T08:00:00+09:00,False
o3,1275793,Hamilton West,CA,6571238,01:00:00,hourly,2023-07-18T11:00:00-04:00,False
o3,225661,"Nong Thin Public Park, Nong Khai",TH,1304164,08:00:00,other (08:00:00),2021-04-30T02:00:00+07:00,False
o3,9600,CASTLE H,US,29580,01:00:00,hourly,2019-08-12T13:00:00-04:00,False
o3,1973,Corpus Christi Tulos,US,3494,01:00:00,hourly,2016-03-06T14:00:00-06:00,False
o3,382,Elk Island,CA,846,01:00:00,hourly,2016-03-10T01:00:00-07:00,False
o3,1619,CARPENTER,US,2853,01:00:00,hourly,2016-04-01T08:00:00-05:00,False
o3,1957,NO. BHAM,US,3464,01:00:00,hourly,2016-03-06T14:00:00-06:00,False
o3,2395613,臺北市 - 士林,TW,7930523,01:00:00,hourly,2024-02-27T05:00:00+08:00,False
o3,1927,SPABC14 COBACH,MX,18055,01:00:00,hourly,2018-06-20T15:00:00-07:00,False
o3,2395595,嘉義縣 - 朴子,TW,7930658,01:00:00,hourly,2024-02-27T05:00:00+08:00,False
o3,8798,Carlsbad Caverns - B,US,25649,01:00:00,hourly,2020-04-14T09:00:00-06:00,False
